date,macro_rate,fii_flow,dii_flow,sentiment_A,stock_A_return,stock_B_return
2019-01-01,0.006094341595088627,0.0,0.0,-0.5002148587562626,0.0,0.0
2019-01-02,-0.014705340529721283,-0.5699515205380595,0.01249022696873495,-1.488056743931853,0.0,0.13192641781401945
2019-01-03,0.00030368338640786253,-0.6157802038973462,0.00687692185117782,1.0856094029740586,-1.571579260888184,-0.30809775071883366
2019-01-04,0.01911497771423214,1.3249645188429942,0.019661274713755904,-1.3076668983849393,0.24265909085077214,-1.7815412790708214
2019-01-07,-0.019905726058844588,0.31882095898805257,-0.015478328327399114,0.7969436900282153,0.11480709549951071,0.6708644658406718
2019-01-08,-0.04594931619609095,-0.1997903669090875,-0.0026536010831425434,-0.7010408239878044,0.9161081509565544,-1.2516556909385734
2019-01-09,-0.04339250813274525,0.5262890307873779,-0.004625213839428256,1.601571377895426,-0.08158842284202206,0.07937306185545445
2019-01-10,-0.04971735997961689,-2.081156842450041,-0.019736826764086016,0.7495505389261462,-0.5899342808280452,-0.06948371878894659
2019-01-11,-0.050053383129702665,-0.013303173653137313,0.010603272047796942,-1.0080478708740281,-0.4695246675921618,-0.12717664031470727
2019-01-14,-0.06711426168117428,2.027546207682584,-0.002703965558033584,-0.9170825522103063,-0.9175314879574477,-0.6471678631337947
2019-01-15,-0.049526302183917695,0.17261506341137714,0.0073963120498656216,0.60552520522431,-0.06074330615284096,-1.515666059413836
2019-01-16,-0.03397046347533873,0.09762895047968612,0.023597719343296124,-0.2623781307101668,0.23346971894122065,-0.5079904631700414
2019-01-17,-0.03264984952411441,0.5685106577273993,-0.003532436918276087,-0.16934250702136555,0.1515676710857418,-0.3441934190482481
2019-01-18,-0.010105025384753757,0.9151951530288142,-0.004211529826571549,1.2722388617720979,-0.5967696632852699,-0.39565064510446435
2019-01-21,-0.0007548385397128444,-1.9914036776590074,0.0011866416972399624,-0.7486888733699565,1.3177215986765392,0.3134888056461906
2019-01-22,-0.01794068779737761,-1.6818735786671992,0.009872473529834096,0.09129377217545448,-0.9147714233596579,-0.1351869474790427
2019-01-23,-0.010565672115727632,0.22105570376457312,-0.005667130253101501,0.954627793652306,-0.780575189804497,-0.23105957584895073
2019-01-24,-0.02974332413230761,-0.7085371586280731,-0.006309615971321306,0.8091174883856003,0.06152889628863489,-0.25628061308127426
2019-01-25,-0.01217431810616216,1.3298712566992987,0.010571892702413658,-0.1596126675206725,-0.5220107251303729,0.6039610498128878
2019-01-28,-0.013172836325887219,-0.3078697990215266,0.003786393238380356,-0.2889058808526582,1.1121637423400976,-0.31478394935082654
2019-01-29,-0.01687008359679243,-1.9266270339175855,-0.020447282630048205,-1.7388154625209316,-1.0219370272890549,0.9751522643715791
2019-01-30,-0.030488674484871258,-1.2578918666859216,-0.012253917994691083,-1.0562449926651958,-1.125468553586062,-0.5632037451365335
2019-01-31,-0.006037847711390652,-2.7313828149396526,0.015012358638272105,0.3183592265747336,-1.140177694763272,-0.24582533316284771
2019-02-01,-0.009128437352766694,-0.23050282865607816,0.004019282830788125,-0.1378821889422362,-1.2899411420597688,-1.4148446149918168
2019-02-04,-0.01769499379602884,-0.18290706485272334,-0.007621959310372489,0.07492707856622638,-1.0199444350201143,-2.163440359701561
2019-02-05,-0.024737664805793428,-0.41384571350428045,-0.0017040965723498207,1.0392536096340605,-0.13363523121492799,-0.23244688361953947
2019-02-06,-0.014091481094726455,1.0937216379132149,0.00013236672801670082,-1.1873231090622745,0.5132847573140602,0.19857402157682016
2019-02-07,-0.006782599807444888,1.2069747251735294,0.007357333602801641,-0.23618030223264996,-0.5967846975659978,0.5162795406824566
2019-02-08,0.0014720524244748801,-0.16631886347164426,-0.013582633948587896,0.1887109634112177,0.7583728853380325,-0.5835126227575065
2019-02-11,0.010088472484632533,-2.1355768989315407,-0.008409491386704581,-0.704159937574516,0.03903828054901679,1.2351011497283382
2019-02-12,0.052921424502041764,0.611228497001479,0.0027295575486338884,1.431477113927417,-1.6754050215963066,-0.2583594631951556
2019-02-13,0.044793124174349455,0.5236073738073505,-0.000998345804954503,0.9085868016131475,1.3030187899013472,-0.5014048479149162
2019-02-14,0.03454826959291871,0.28251569565233536,0.005718591826367098,0.2901333270887555,-0.4750711096757536,0.9431401904580534
2019-02-15,0.018272815027961152,0.9607507875523645,-0.012295073973595978,1.7942317793285865,0.430352049292038,0.817462096495377
2019-02-18,0.030592403479471068,-1.1757917854778168,0.0035712867627132115,-1.4988952796101422,2.009501262092173,0.0034406503075169736
2019-02-19,0.0531718493338889,1.9903999440974562,0.010915836193774722,-0.007726281105681772,-0.47117095722471336,0.5123598242039862
2019-02-20,0.0508929001807914,-0.9913308627422014,0.004868185471492833,0.36633696893406104,1.1880842059045307,-1.1109141614003148
2019-02-21,0.03408977064154084,0.7186871870923798,0.0013911173976159218,-0.9145550467939221,-0.4966962810047668,1.4660580966545227
2019-02-22,0.01760014632771605,-1.707801556798276,-0.0009588360256597098,0.30071454181772833,-0.32291924780374653,0.02933321777697892
2019-02-25,0.030612002084210072,-0.9408247750666805,-0.008348511527715017,-1.106582493787878,-0.8846605234055829,0.1265230020248953
2019-02-26,0.04547708550827892,1.49800144547481,-0.0007199859243978849,0.6905573182742532,-0.6414294118972365,1.4719253092618396
2019-02-27,0.05634017087438282,-0.2881860743058173,0.01259705852880406,1.0578347681289066,0.6190971938590837,-0.09361639064197677
2019-02-28,0.04302997672860893,0.8061185026081682,-0.0011902850660012558,0.2723334011283283,0.6575367833465251,-0.5027991058234317
2019-03-01,0.04767320318994332,0.21113740268208075,-0.0088980398934841,-1.8527978150649458,1.5823519883157187,0.17834940751015063
2019-03-04,0.050006919372757884,-0.13356207791413865,-0.004922470887653864,-0.9667935211660346,-0.666849127768436,0.1271889494328815
2019-03-05,0.05438069130733814,1.333846173309035,0.0020085029727593007,0.5647100032131608,-1.128365261033181,-0.5376031442454596
2019-03-06,0.07180926686630194,-0.2692872394363032,-0.003735139971808469,0.021198643512365802,0.21895797351527924,-0.7493181291176958
2019-03-07,0.07628117784179558,-1.8238236676832518,0.004853032830631407,-2.694002617692488,0.26272116443441024,-0.253683546558354
2019-03-08,0.08985944910323347,-0.8490087986567825,0.005228437607490304,1.2428303838682404,-2.0205065123903854,-0.7177449792177535
2019-03-11,0.0912110304930113,0.4972760592397541,0.008889831804046483,0.13665650625383235,0.5124991121001208,0.04627304962770418
2019-03-12,0.09699341846681099,0.34078248806670136,0.014235594722650326,-0.819074664000045,0.03805203882398228,0.40993342710809066
2019-03-13,0.1096191829835818,-1.6252543013155247,0.009958587243723609,0.9949555975666642,0.2607401017444624,-0.11815980334935093
2019-03-14,0.08047606658646847,-0.7901140291983502,-0.009342390641479598,-0.6775400129068989,-0.48952381993916433,0.5719157434944538
2019-03-15,0.07408264225932244,-0.6300069891541277,-0.009035344465762724,-0.6884521176042147,-1.0293374712507921,0.06235464593701062
2019-03-18,0.06467518917346654,-0.4099191794698185,-0.0007577147645982454,0.3583526510140362,-0.7936862982123858,-0.29778742241762796
2019-03-19,0.0518976322085997,-1.4147187021056313,-0.004511753572394146,1.7810384592422948,-0.6628563103806417,0.05384000946452244
2019-03-20,0.046394787184066026,-0.6595096874446384,-0.011383267269609428,1.6235871779728863,0.9995084975055285,-0.21792449341609482
2019-03-21,0.07629361340875394,-0.7564473575699671,-0.004416917941729943,0.35971149890410664,0.27013559461587355,0.8519116980724427
2019-03-22,0.05897699109488908,0.7257570917166669,-0.0047451293361903905,0.46238565885031974,0.08450298493687428,0.5734283981038082
2019-03-25,0.0783425581867187,0.7737351163333103,-0.006718477397612058,0.791498932084825,0.2780731675805427,0.13565758424127528
2019-03-26,0.0446851627544026,-0.1928159930008472,-0.0031578948615500558,-1.256983675369349,0.17607968120981654,-0.007103770686425176
2019-03-27,0.0379874621546871,-0.41885089352337307,0.01178450850318331,0.6441483371519825,-0.7181572653264144,0.9974745374167627
2019-03-28,0.041242523456787215,0.11713183474630114,0.0019923804124923933,-0.7340734681435281,0.5978827863302407,-0.6099116932609466
2019-03-29,0.052966970083972775,-0.8413206215296473,0.024718090760554694,0.3184780667965807,-0.4918940130324475,0.5038354141050159
2019-04-01,0.06719150167982987,-1.1786122642178245,0.0017050818601964945,-0.22746762760733732,-0.7279373562871514,0.02699274057883852
2019-04-02,0.0830584463838284,-0.9805361099336148,-0.002900657739372519,0.5012083271142144,-0.595145633739109,-0.6933065216873995
2019-04-03,0.07608394493885964,-0.6846482318017537,4.1328826548659575e-05,0.1181034650064601,-0.039761899204190626,-0.752508966369495
2019-04-04,0.06683690908556829,-1.2091241667555868,0.002564919784435401,-3.0730302708212998,0.525471157206487,-0.23020406716379638
2019-04-05,0.08399642671071136,0.12195741361153378,0.004352539571710636,0.17889171170518062,-1.6568865538721014,-0.05886809116244554
2019-04-08,0.08017034021307907,0.6793178177572816,0.020767113258590236,0.6421529522992627,0.45530120668878726,-1.6204772862257648
2019-04-09,0.05465661374632063,-1.6352005049260891,-0.008453204649775684,0.4459283483384537,0.95746347013002,-0.18601150650161108
2019-04-10,0.031990869466251015,-0.007665257031759028,0.008590460581777357,-0.10258594620857964,-1.2095064701164011,0.5905923523392463
2019-04-11,0.01360182374621879,-0.2391303169460862,0.0020775059761412445,1.642161691930406,-0.5290690036290162,0.21528823893677873
2019-04-12,0.02354503862729407,0.33334759128907165,-0.01571097742570618,0.3113731291216611,-0.0020714883291725883,0.09455374947112263
2019-04-15,0.026393553348705377,-0.027065791279964502,0.007706987820947635,0.4376733001931063,-0.37422657875978016,-1.5606528687702705
2019-04-16,0.04020326043006074,-1.4694354119408541,0.01267623560803905,1.0444918940505687,0.5545530686447502,0.21638026841249547
2019-04-17,0.03165820750333006,-1.2865112551152018,-0.0085717640377743,0.3625929996965988,-0.16958380617203764,-0.08534219064729306
2019-04-18,0.03482900132486434,0.01042865108297469,-8.933867891970648e-05,-0.8980177534142035,-0.45466752545082495,0.19553533203524084
2019-04-19,0.047340809204211076,1.0078835189505908,-0.017253542620077035,-2.4383374137796223,-1.6529225627366606,-0.21308154197924808
2019-04-22,0.04115387840980631,-2.2425918565655296,-0.01258806459684337,-0.47712090201808144,0.5563184216690797,-0.8594277288835939
2019-04-23,0.05028938316095454,0.32103425275569614,0.010480295776172523,0.7609455258811165,-1.7644563539527984,0.18900185297380112
2019-04-24,0.037050864339621514,1.1594483753910705,-0.004664165060074343,-0.35309633141780583,1.4870252953207204,-0.8074599442406273
2019-04-25,0.02978978740832008,-0.175256394809986,-0.01108802974938039,0.8011783722817295,-0.2829909964643934,1.4758043661484703
2019-04-26,0.022155029528353496,0.5323286235814487,0.0022946036445842984,0.148728175920273,-0.17475667728859196,-0.1391420606600295
2019-04-29,-0.0017617633834272972,-0.7163620986148143,-0.005224124314310234,1.2880660702621847,-0.7790955180207955,0.5726811751288537
2019-04-30,0.007977686232284339,-0.11830914124682045,-0.004708216577755359,-0.2952167071206611,0.33879624786219076,0.2133505363980363
2019-05-01,-0.0014103605717701384,-1.6257001300475222,0.007393260256749034,0.46761482656768805,-0.7294369011715839,0.5526856400881777
2019-05-02,-0.0011604781972163899,-2.3434970920758116,-0.011617333589343467,0.5058850645353592,-1.1637166764191895,-1.4002178976050192
2019-05-03,0.008454454980901789,0.943462088143605,-0.009053652126818322,1.501601872631193,-1.6534336507339362,0.1463070893083287
2019-05-06,0.01738507850150067,-0.9900676007129829,0.0015407999214886864,-1.706637306334278,1.4575641244164081,-1.0187859193116242
2019-05-07,0.030692780680956395,-0.46595889210433095,0.009694097907482052,-0.4584082745531576,-0.8246729927444745,1.085340224632247
2019-05-08,0.028723070990767922,-1.404857921678767,0.012381603014898499,0.8485161053885039,0.4901364296424108,-0.9546225466792617
2019-05-09,0.020257104749884847,-1.4272035456783365,-0.006650617203616231,1.545896479778648,-0.702967599848224,-0.49048303264286863
2019-05-10,0.018662740531756865,-0.18599196294454726,0.009373769669196478,0.24007151264208035,0.017880985500160748,0.8694978221670187
2019-05-13,-0.015083948147403731,-0.7407748384547006,-0.007841422934704089,-0.29270416442148695,-0.6436301602775021,-0.5661433966277962
2019-05-14,-0.04402619759586548,0.3870213668831407,0.018262093469067996,0.7571183686744447,-0.6521764654628452,0.39803041130617245
2019-05-15,-0.07048018984295353,0.4789541375371112,-0.011337710254197282,0.868702675231683,0.2345829473903483,-0.22242721659636777
2019-05-16,-0.09042512639498317,0.36313776023037925,0.013284788107917306,-0.3596616786673072,0.8246617456496597,-0.1465097086904462
2019-05-17,-0.08242964186051444,0.29285586676543357,-0.006564861068187239,0.3303073121775462,0.542813798781103,0.3442004549442229
2019-05-20,-0.10053922296771566,1.627225990048195,0.02013246454794601,1.1805272624119694,0.7780696401018604,-0.5363904884672903
2019-05-21,-0.10810247404850346,-1.0072702352642566,0.0059132072885248466,1.8904589932744518,0.8624483055596238,0.34187871028029887
2019-05-22,-0.08211790809278215,0.00992661822618432,-0.010160165294082223,0.7426049592352919,0.757822171353536,-0.2615424508357449
2019-05-23,-0.08924318751401067,1.181960565375258,-0.005222384795425063,0.044138896665593126,0.2817366864398679,0.10375370052069985
2019-05-24,-0.07449287614466894,1.3180857218464428,0.007811812052237417,-0.05407517603790821,0.44328934381713414,0.6819612472796861
2019-05-27,-0.09316522974486649,-1.3770679236577714,0.01052644417615562,0.5573965571936229,0.2815903316599714,0.35199461065230475
2019-05-28,-0.09727398090221909,-0.25645630380895,-0.0007071559172446215,-0.11567284247945017,-0.7431996925165414,-0.7625866500813259
2019-05-29,-0.11627442200043073,1.416485484408592,0.0004465828096346658,0.18964049902238825,0.6998175674547082,0.17645301451587814
2019-05-30,-0.12305508351844198,0.5778437583993237,0.007583530326440664,-1.0578762645308748,0.9375921782850897,0.3106580482091332
2019-05-31,-0.10624892076929406,0.2690960815908379,0.001317984270108194,1.297057196491159,-0.046788728019195217,0.09660531918268717
2019-06-03,-0.14079532923314103,-0.15393534097308031,-0.012935048593383756,-1.1401847271486785,0.5245225492213414,0.42695085473672073
2019-06-04,-0.13210685636222388,-0.2993237281678608,-0.008129740246401805,-0.4321117604530126,0.690343139654035,0.13571104496340225
2019-06-05,-0.12735214431557831,0.3674831769076585,0.002351199431516654,0.09759326085181382,0.3261181615800618,-0.38874239109911185
2019-06-06,-0.1392351434295142,-0.17596283839513638,0.012154824164976936,1.9909868798886388,-0.1401910866787621,1.2554389995807904
2019-06-07,-0.1681563005172833,0.04096246501326434,0.016159824241620484,-0.42268298485232736,0.5723111652350301,-0.0734584547400356
2019-06-10,-0.16671371036300592,0.17949248642540735,0.0077952942077145065,-0.6660158139603963,-0.2520677858702609,0.20870890166643327
2019-06-11,-0.17730356454428198,-0.5780433022756957,0.0028729076103636286,-0.5508169173337938,-0.098876145957669,-0.3564936066799714
2019-06-12,-0.1726500403171879,0.6385115126080075,0.007488138859824772,1.6588971676113125,-0.8576228261247686,0.6634851779936025
2019-06-13,-0.17221299740671903,3.0178346726057326,-0.00666750850206857,-2.8123469935060212,1.2030847573124863,-0.7008573766413699
2019-06-14,-0.14017741958030072,-1.6736588408820436,-0.0015323096025821464,-1.002738012148587,1.1122690465780625,-0.38559977449634386
2019-06-17,-0.1449645321297612,0.4081189759381603,-0.008241307213394763,2.7312887091595517,-1.8967389323531587,0.09331447382254099
2019-06-18,-0.16543448198219848,-0.6732113693410489,-0.012487426107077107,0.5908820734916369,0.7320419102060927,-0.05746775928604597
2019-06-19,-0.16184896928307219,0.676663266708569,0.0033354901163620415,-1.10598494933922,-0.3443045250865416,0.8286981564670121
2019-06-20,-0.15744903560363688,0.14366685489770423,0.0018551330658474335,-0.04191798217477153,-0.3262063542674415,-0.3079464278848604
2019-06-21,-0.13026528409882815,0.8563241954046457,0.006876524845090132,0.06745456606786167,1.0552998189868175,0.6771602255639357
2019-06-24,-0.11356305918053657,1.2536657469680765,0.00546111830892447,0.8461252459056059,0.9565550740566411,0.9236502558371974
2019-06-25,-0.10642563799754638,0.26055895327650325,0.002426442713238622,1.8395020028225635,1.4395071053589397,0.27049616514472447
2019-06-26,-0.07715958017315515,1.195907671212706,0.005566166656775534,0.38855168127921547,0.7355357665032541,0.548232284350875
2019-06-27,-0.10093484125961216,-2.298002145684784,-0.0004268309622747629,-0.5397883030129608,0.6109457375386037,0.5285817340937249
2019-06-28,-0.11372987191460712,1.6510132026717905,0.004128913952224006,0.7870844420982043,-2.089099250933243,-0.2242065879059178
2019-07-01,-0.13226139074271762,0.44330007504110436,-0.0072614440268636005,-0.6982526968628611,1.531082442910403,-0.9373916236143489
2019-07-02,-0.140057586805833,1.1572001901908124,0.0036970592563912996,-1.0333374959890294,0.18911493536546767,0.8740951180776556
2019-07-03,-0.16759130975695918,-1.1358411927580219,0.006684176852860088,-1.759908871956445,0.8060853458308772,-0.9270780222506634
2019-07-04,-0.1548882908206711,-0.7302150957511602,-0.006696814280722024,-1.5651283945004009,-1.3761898840627553,0.24914621208315604
2019-07-05,-0.15933274476264658,0.23887126863717678,0.0005183209899284752,-0.8964451561242719,-1.060043225720081,-0.8011191590476529
2019-07-08,-0.18874887065269974,0.07856175752012493,-0.00623602509629359,-1.177789767700871,-0.15612870813501917,0.13982136040215704
2019-07-09,-0.20906045227685055,0.3963179104016094,-0.005265066965161158,0.31323652737471736,0.014269255730240293,-1.176956114947379
2019-07-10,-0.20279017532784666,1.2099514322960765,-0.011249293551021541,-1.1994018258240353,-0.4135250524269359,-0.22248244674361836
2019-07-11,-0.18602764396995902,-1.643546210106141,0.01265774925166556,-3.143666302024744,0.4916635325980631,-0.4751390620108733
2019-07-12,-0.1460930261361233,1.0854356580992846,0.010656851747200477,-1.0439117745894657,-2.09286219501469,0.7972911680220888
2019-07-15,-0.0878157768159767,0.095937725639601,0.005374338542273385,-0.47185964772141936,-0.4003681899874926,-0.9679159293755462
2019-07-16,-0.07952758815045677,-0.15109239503496172,0.01972195951943813,-0.6054494878719654,-1.1798808170716404,0.89749110189705
2019-07-17,-0.09931835055109405,-1.4233986814946162,-0.0018924569656839085,1.5195246793091843,-0.3843505470427617,-0.13361833853840638
2019-07-18,-0.14195927616572024,0.5626396787075214,0.03031762415110635,-0.6135425592891501,0.6258836104692321,-0.4190915426829542
2019-07-19,-0.13660504691884354,-2.328932285331605,-0.0022752941536322013,0.8809234631991979,0.872677411919093,0.42544284264652976
2019-07-22,-0.15286386882505004,0.7303570393900187,0.0025519335175601676,-0.01898259968086171,-0.6253133648057433,0.180263549741917
2019-07-23,-0.16117101402864376,-1.4003875141779618,-0.003977779139402088,-0.042304725672598735,1.3379057234976988,0.23424664013166752
2019-07-24,-0.17341295000983992,0.1501605210346603,0.003723255600603048,-0.835380288848037,-0.7378206087811248,-0.19726105240064284
2019-07-25,-0.1762287677381676,-0.015121067322016485,0.00835614927886244,-0.058782651580767155,0.21638658705768526,-0.8262368598943062
2019-07-26,-0.15490916312241473,1.2752754079367843,-0.0011391639305308454,-0.7650961268974169,-0.2555720620663478,0.3707879153089111
2019-07-29,-0.15176819177350784,-0.08570967114044133,0.01776719847117622,0.1700243142545705,0.07680667835100974,0.620446441304316
2019-07-30,-0.1549408885142816,-0.6030776460815609,0.002391492846334581,-0.2362496326236882,-0.31394141748786986,-1.2866181524255649
2019-07-31,-0.17565396357079785,-0.41363816286263405,0.0027048538611020023,-0.9446279331916002,-1.420972990111059,0.683409091724708
2019-08-01,-0.20914762246488497,1.3782751468971424,-0.00908997694513719,0.9918943397005953,0.05959332311939913,-0.7235189226067803
2019-08-02,-0.21887378064635157,0.6617855426598246,0.004184990745503853,0.42684048002142533,0.7658905459181318,-1.1035079817585682
2019-08-05,-0.219949431662718,-0.25430571313535033,-0.0013402722080936569,-0.44806273414224823,0.09818258037734312,-1.4563859594704436
2019-08-06,-0.18459083339112034,-0.10447676096688263,-0.006082397293372871,0.14549304703531002,-0.8951082938072611,-0.8734494783151633
2019-08-07,-0.18198534296166263,-1.4564225905507748,-0.007764744081483643,-0.08382252150196365,-0.09662296159988691,-0.4146216457205086
2019-08-08,-0.16233055274120148,0.4976654066285386,0.026717633797566837,-0.8675909372632739,0.1181811322156866,-0.08301915540527988
2019-08-09,-0.17231646471198453,-1.6624173760507448,-0.0026347725017903667,0.07049622902116384,0.9463563305958733,0.43310177032264485
2019-08-12,-0.19601534004032503,0.8551863446626469,-0.014569854207812677,-0.6210117548073745,-1.6254283441786783,0.09616804223156489
2019-08-13,-0.21531767528497245,0.24623079651546087,-0.006982214597325731,-0.9449338356200992,0.001174040669695342,-1.3962670827481078
2019-08-14,-0.22982219657568753,2.516142404744906,-0.0005156783947621313,-1.6227673302665249,-0.7764079772995023,-0.24732351429517288
2019-08-15,-0.18725280192698424,-0.9622422357788933,0.005466670326164852,-0.3586073535386307,1.101038476492405,-0.32921741763782963
2019-08-16,-0.20368053551147194,0.009689590115557603,0.005547965217253148,0.5669706595837234,-0.48142198917636425,0.6339309913947486
2019-08-19,-0.18691075143674507,1.9204960222299459,0.0067661455177652485,-0.6946593533788596,-0.08501160370079985,-0.6901387146928074
2019-08-20,-0.2049692949984856,1.3035360911534615,-0.006448603066373293,2.5207086921579696,0.7203351996241145,0.5026127985358558
2019-08-21,-0.1863378347410007,-0.5732304745808083,0.00340440443501544,0.8856856536527323,1.4233720553913938,-0.04868722320356855
2019-08-22,-0.17863881541888343,0.33577012921804816,-0.00876059464110579,1.3043301326604781,0.8728474904382251,0.11868700753118488
2019-08-23,-0.18177157337204525,0.10918264566641729,-0.006196429830140099,0.7952430120737586,0.9641181965117391,0.06734646501622743
2019-08-26,-0.18258682389475392,0.3910188114173843,-0.009177089745002615,1.8528649749385728,0.7049720597285993,1.0787572938518468
2019-08-27,-0.19568257780334175,-0.5891283416479774,-0.011883888545982685,-0.7870019834725421,-0.3986622722813695,0.2375595551134741
2019-08-28,-0.18676113377370016,0.02808914398127052,0.01064209488858009,-2.5607373856586215,-0.6455124305509118,-0.5961061243684794
2019-08-29,-0.19586080338051579,-1.4859956950124937,0.006886117009788861,-0.44612560835288306,0.027789930692908804,0.26518405652121585
2019-08-30,-0.22037291865586073,0.2526399338963915,0.009766653699781302,0.5582185755475376,-0.25519092736248394,1.2981545927810567
2019-09-02,-0.24593167014225312,0.5822444246153484,0.00039313066024296295,0.15151697174797846,-0.5718715606900041,0.010973663272250841
2019-09-03,-0.24247991178781075,-0.07986041055853213,0.007768076988651451,0.2754726109677837,0.19794608077500295,0.4829632742087582
2019-09-04,-0.21089808665960205,-1.4695629435121014,-0.017612894046425437,1.3209100026698724,-0.5303829546534404,0.710722506693625
2019-09-05,-0.20769825438813327,1.1150707148472236,0.008630875180453551,0.3820575744624996,0.651463732589929,-0.602056180589048
2019-09-06,-0.21007102091033095,0.48914399062568226,0.0017711983000502918,0.7989129275910215,0.8272136601326382,0.30913918795120754
2019-09-09,-0.20435449811828008,-0.5999724851547783,0.006271096001491644,-0.9395627418527589,0.18282864903766777,-0.39728063076270514
2019-09-10,-0.1782344632841436,-0.15798774796709592,0.0038002329904861243,-1.0953936892160367,-0.6582010080580831,-0.040692467750030534
2019-09-11,-0.17384681325686646,-1.3937287248113526,-0.009870551545368839,1.6141139230244876,-1.818952785403757,-0.6719046751015718
2019-09-12,-0.1820653578735412,-0.9211020398237846,-0.014980397753910468,0.10090153514706786,-0.5925593750270236,-1.0602603277370717
2019-09-13,-0.15993958367234343,-0.4285721316330147,-0.007120541661829627,-0.6232291834461349,-0.404929708403521,-0.7165887375903626
2019-09-16,-0.15136445490311115,1.3243845624835573,0.005649172812729114,-0.6213944935471182,-0.04523417429447324,-0.3544764536989248
2019-09-17,-0.12064933506319131,-0.5486847179456089,0.006900914151753951,-0.6491231216382576,-0.5591587389742879,0.29898423332643564
2019-09-18,-0.11698464631875317,0.7126032603666735,-0.013679422773818617,-0.7089590210458417,-0.7228745096355034,-0.3233165788024269
2019-09-19,-0.1414740269531632,-0.4681254150703279,-0.009810993674682161,-1.2831478026036598,0.5796311652699372,-1.4439174479892078
2019-09-20,-0.16883721093807647,0.33283197702377276,-0.007232356859408373,-1.5004204022205085,-1.4771523175954095,-0.1868383145676199
2019-09-23,-0.13581865229345147,-0.04009317558095629,-0.0035730506026681597,-0.19500437765441916,-0.32210405308663514,-1.5763581544528855
2019-09-24,-0.10134533787778555,0.9545477914688143,-0.013620508308526527,-0.5929258703203995,-0.06723079435706661,0.0014893117000747969
2019-09-25,-0.10493572214343756,-0.4740041354918865,-0.014220517661401325,1.1071592854432952,1.096221792603748,0.27173656097183246
2019-09-26,-0.11259946856615731,-1.5095668167163783,-0.008218352964075554,0.29307665326691656,0.08670739738299808,0.6472287397841857
2019-09-27,-0.08337058272131326,-1.3143893502239383,0.0008625383622500593,0.2653176800779831,-0.7276192015373781,-0.4334243071572833
2019-09-30,-0.10551149636218302,-0.48185514430996945,-0.011805943397534907,-0.7431204075544506,-0.12605323238765437,-0.17931628321309043
2019-10-01,-0.12340603674129956,-1.1857530728607428,-0.0011580350997176664,-0.1210284157799757,-1.2010913076927623,-0.3387925080357695
2019-10-02,-0.11053950084751867,0.484255637724331,0.010585528161418167,0.36100110363144033,-0.7552712890370514,-1.2234263583118945
2019-10-03,-0.11843160330471046,-0.3994444643495666,-0.013017797374135096,0.7161957397126754,0.1583183443645711,0.10528587175868503
2019-10-04,-0.11853404063911188,2.4456655120092576,-0.0020644575841053947,-0.09389182651836551,0.02047581580616223,0.5620599071983201
2019-10-07,-0.12180289860960214,-1.666594170753665,0.01024756733750773,1.079123779324209,1.605573910666461,0.5785514057628766
2019-10-08,-0.11505140763362347,0.2767149178755625,-0.0041826839036380875,0.007989308907942713,-0.12518616838129393,0.3574990997804338
2019-10-09,-0.08690177040734913,-1.0589221789254948,-0.0057366969085841935,0.7928471185176799,-0.22971370156212748,0.651283611844265
2019-10-10,-0.08509007226931421,-0.4412602781382691,0.011634958143064741,-0.4898522085891503,-0.14522744556316064,-0.3995205164997979
2019-10-11,-0.07221129640377706,0.1924735167021327,-0.003062020789715486,-1.8125883665686418,0.3269287754728921,0.3267484424196855
2019-10-14,-0.11321473842439751,-2.2820445970320207,0.01104495025205568,0.26835898801852265,-1.0409909502321235,-0.15942964809720372
2019-10-15,-0.11418910646299986,0.304754959842666,0.004289653911271979,0.7253240631466256,-0.9620139193470095,-0.6028352258519181
2019-10-16,-0.13105371186885728,1.9714209261519677,-0.003428446529098364,0.5753473318075695,0.34924025178628565,-1.885612978139668
2019-10-17,-0.15542997307732984,-0.3748060712472785,0.004796905305975305,0.42218666143744,1.185633784054005,-0.02398981534632086
2019-10-18,-0.17299302041590486,0.3530658406519074,0.00320449513846037,-0.3485869659549873,-0.8348857161320931,0.5881891828953186
2019-10-21,-0.17967548922992113,1.128717505374942,0.010208828210024737,-0.8067462514455923,0.7439186326918535,-0.6217283426777451
2019-10-22,-0.16135743838280087,-0.05614820648904387,-0.005483455378650179,0.5517282690437805,-0.1445543497933195,1.3884762255624177
2019-10-23,-0.18788529273759214,-0.48414572550180274,0.000412060667816197,0.42644741619827503,0.708715837912764,-0.7625291086021596
2019-10-24,-0.18727266288570377,-2.163005228079197,-0.0006151567960463733,-0.5608990908438263,-0.38382723690894194,-0.01922661520161162
2019-10-25,-0.19695605155237533,0.7533543171263956,0.007041481416397849,1.1094241891920569,-1.6184909581246643,-0.7156458226005358
2019-10-28,-0.20350951343961454,0.005005221202527957,-0.010251791944441771,-0.8828655145476005,1.4268239124339401,-1.0665871185533817
2019-10-29,-0.18345435693352247,-0.890578143324393,0.010169770482378562,-0.5835233787910404,0.14841115094610524,1.2609185983596962
2019-10-30,-0.17269204819344394,0.23666932443780703,0.004663287721704171,1.636425212341665,-0.5774410112799537,0.9536040945219255
2019-10-31,-0.14594408604458908,-0.480065127890115,-0.013169250736329463,0.8685819377339127,1.156530953203443,-0.6803240216273443
2019-11-01,-0.14903419962958708,-0.44085967948877214,0.012082628254805008,-0.3580093058910226,-0.03547719266318117,0.08663440330762734
2019-11-04,-0.16295305186300113,0.6957116758864604,0.022340930807977305,0.2873807096435505,-0.3717681511811389,-0.7102419258547805
2019-11-05,-0.1674302282006111,-1.2406105802060439,0.010018339695494066,0.15479224452383833,0.13562071404518233,0.6164755638800695
2019-11-06,-0.16258029237518667,1.1477734229941252,0.014269847672264718,-2.7456138649773782,-0.09965363840096353,0.7336319654701136
2019-11-07,-0.15904882520611247,-1.3001379876932917,0.0008537138160258639,-0.9064739494733817,-0.8680599981689165,-0.10843321727370567
2019-11-08,-0.1807365866507798,-0.5672721132315963,-0.0166150491973851,-0.050846617109281525,-0.2657994468653928,-1.2282865169601405
2019-11-11,-0.17892679101822231,2.0313881460570453,-0.018441204511675247,-0.3566114765593062,-0.4616356734746152,-0.9036072903631779
2019-11-12,-0.17436222441544424,1.2347108362533556,0.0025508204386776034,0.24710256483042056,0.8783192496537517,-0.10535838283282092
2019-11-13,-0.12401274366476582,0.20222132714470675,-0.005919788077299801,1.12948231294792,1.0900280930325108,0.7248464134120876
2019-11-14,-0.08647585143913242,-0.866122569302357,-0.009145762783273517,-0.32153578465392746,0.5656010454779157,-0.7491742411480591
2019-11-15,-0.10354071845030882,-0.47738679583641375,-0.0006274668396867578,-1.0576547961228648,-0.7124056920785946,0.06173452414233241
2019-11-18,-0.10928838568129233,0.1353997456558817,0.00615585287861288,0.32485165851104525,-0.6795107691065707,0.6503949722990626
2019-11-19,-0.1385572257180324,0.10309626374837381,-0.01452757546762147,-0.3266233335678035,0.6443614729592448,-0.4362853700761281
2019-11-20,-0.15037136599730214,-0.007736594195143429,-0.004488776202803843,-0.15606350082190265,-0.4086805567577034,1.1837455173060345
2019-11-21,-0.1440592659254953,0.05939030551419695,0.015098706831203151,-0.29177371915307865,-0.13377047370325162,0.2055214268324437
2019-11-22,-0.11994219350773065,-0.1279395501498169,-0.010752883802213745,2.2418378000109858,-0.08321760409623646,-0.7107644736676778
2019-11-25,-0.13452387026260282,-1.3700134195353746,0.008697611871649552,-2.240704260997945,1.269587554742675,-0.21305069785442002
2019-11-26,-0.14760679906395877,-0.4357964200032711,-0.004847307615489932,-0.38833390313264615,-1.6344369662432479,0.49409785650738197
2019-11-27,-0.19055257965873185,1.0031881334252217,0.005457937598499538,-0.0036890256483920517,0.5335270595536619,-1.3070035756655654
2019-11-28,-0.19380589806963003,-1.2540027497558783,0.01097327507202868,-0.7811424922827788,0.4203949753110595,-0.34183363688741686
2019-11-29,-0.2150541863068213,-0.0732719726975005,0.007412817669850219,0.899825832128283,-1.0566628097141408,1.093238894161113
2019-12-02,-0.22564297485414275,-0.6907214169867512,0.00909159602213877,0.8132576787196394,0.24107026821530575,-1.0619146361871343
2019-12-03,-0.24318019041749453,0.24673621431059697,-0.011515935334079574,-0.04775461848854061,-0.6761545060335699,0.7555432665420957
2019-12-04,-0.24506544150254567,-0.24272506681632144,0.01113659706741299,-0.27067375534369414,-0.4113696848128186,-0.5661602147341163
2019-12-05,-0.2802200093296783,1.6244329298761964,-0.008526931146348199,-0.111956834231647,-0.49842026101540887,-0.20049995609567184
2019-12-06,-0.3095609142374981,0.6747151597880607,0.0025954176557153874,-0.10478665364781072,1.338689634790728,0.11281753348620951
2019-12-09,-0.2669759719969321,-1.1260666172347125,0.002582461869972269,-0.07837302812576266,0.27632180940999657,0.24327513191302036
2019-12-10,-0.29272442362241274,0.8314135948118578,0.004851225588695801,-0.1879991015167995,-0.8359259893788,0.4650874023312184
2019-12-11,-0.31466013519150554,-0.5990172020886153,0.0033695667606019053,0.2524493145923928,0.9545492681634985,-1.6040245149494894
2019-12-12,-0.27792186462507923,-0.38820029026263025,-0.008438099785247233,0.7532120648278651,0.5785150589153887,0.6933716037223565
2019-12-13,-0.2198205212402711,0.4805721388821693,-0.013498674122957147,-1.2302601475985768,0.7358867812818917,-1.2207862982310567
2019-12-16,-0.24325185381677794,-0.3598551069859721,0.008723486799617694,-1.050663899233149,-0.6808944181514991,0.19504101555777675
2019-12-17,-0.25061683295253856,1.0388069286130222,0.0018583457751891463,-1.7485180294835236,-0.8518670255199606,0.20614330302292017
2019-12-18,-0.2437857219337284,-0.6241399617418723,0.011493768409578192,0.8663974003575995,0.7294813337103464,-0.009962977848956778
2019-12-19,-0.20921176904561656,-0.47267511943112617,-0.00044732934187868834,0.25032329319046315,0.15561632900467148,-0.4507796872075088
2019-12-20,-0.2289489106141813,-0.5308438321207389,-0.01405164360676961,0.5052675159327706,-0.26657364436454367,-0.631771289604008
2019-12-23,-0.23385446753302347,-0.42826940198653013,0.009661296810041048,-1.4294982383634685,0.29572487217559384,-0.5331613641576256
2019-12-24,-0.2183077160117886,1.239504236067627,-0.0037037060966110535,1.7849481228801383,-0.2864999557416271,0.24480570989389805
2019-12-25,-0.20961239452245622,0.7597809232173762,0.0034200345742102234,-0.6088509081453577,1.0509049707647489,-1.3480848941099541
2019-12-26,-0.2171355159470582,1.835711390725545,-0.006474594284795215,0.16820580711125588,0.24495896583152743,0.4649730913350021
2019-12-27,-0.21981197523737903,2.3979255134674897,0.01644301710233692,0.8543846606783719,1.449444063188067,0.29708915890422605
2019-12-30,-0.24730989140477863,-0.8988298467899123,-0.008765648241831958,-0.9869797557960719,0.9586306697397285,0.48242751991204
2019-12-31,-0.2520733662842719,0.21880506217015605,-0.0033742975410617493,-0.5463243585126668,-0.8331011918696138,0.7465763822147089
2020-01-01,-0.25740111608445104,-1.0249562968728698,0.0010744870269731588,0.17917177460087425,-0.6689517333178959,-0.24066104134560382
2020-01-02,-0.25275771829192595,-0.6231652580975965,-0.010921823270869574,2.857473075464706,-0.9336119763218093,-0.6260208356323904
2020-01-03,-0.26386426266830626,-0.4784278792805139,0.003305195285875945,0.3011247428520243,0.5501789085050243,-1.5818390055005083
2020-01-06,-0.25443349221740347,-0.8988363165372906,0.016119104774674903,1.6063611506307183,0.1165191794590271,0.32762835776975463
2020-01-07,-0.23417917586100692,-0.8992271775679715,-0.004904621606937082,1.2056731451919556,0.03310654625033757,-0.5194115883814245
2020-01-08,-0.2310705893076376,-0.0037768730036507048,0.003951428190317241,0.36801003649451874,-0.28671766175900415,-0.3321076291042752
2020-01-09,-0.22403546113965353,-1.0780760648018246,-0.027494353860385554,-0.9891957716306787,0.16962147327638064,0.15845158298629963
2020-01-10,-0.22297235418809616,0.9765482358214249,-0.00038929200484841275,1.059753610818235,-1.5070122767293035,0.9267296930349819
2020-01-13,-0.22297066632626789,-0.7839701249046565,-0.0031304228592620442,-1.498110341648047,1.118328864996846,-0.700991598593392
2020-01-14,-0.2374018269971248,2.9433513698921527,-0.008184976024103854,1.600875123677092,-0.42565260573384656,0.8356868911161031
2020-01-15,-0.23107194176365867,-0.3089433547661203,0.010814504696285324,0.2000053082182553,2.071484587065129,-1.0582312772719653
2020-01-16,-0.23301767373192847,0.21066080697524742,-0.003262436816238279,-2.650223547298176,-0.1782495435530933,1.0794822127763286
2020-01-17,-0.19115430755331655,-1.155530580226878,-0.0017747748709358857,-0.34050609503183893,-0.7647944874149765,-0.11615585720518945
2020-01-20,-0.1596872095038117,1.8207843426596293,-0.0037719287478907015,0.6539478209229405,-1.7291811685868184,0.3933790290389697
2020-01-21,-0.15197027845268168,1.2153130065052031,-0.019168158717650763,-0.2370238730397667,1.4398475955366439,-1.1024066114813222
2020-01-22,-0.16723142264657703,0.38809803780772156,-0.011319864400769597,0.7150058109935733,2.0626582772847595,0.5029488476940673
2020-01-23,-0.1894796520862454,-1.2464636951916195,0.009610934861202153,-0.8500241677122955,0.41296278512863466,1.5634849050578188
2020-01-24,-0.16565679302446806,0.3243546689763675,-0.02109950646879971,-1.3059823727876074,-1.0261999908591242,0.13061297787109594
2020-01-27,-0.1604018085215253,-1.0220369702025742,-0.007663153496157059,-0.07144540304760538,0.014471165881343118,-1.1270948246589672
2020-01-28,-0.1507989404536931,1.558596348586276,-0.0039972005628976445,0.031565667289914785,0.27673983583801187,1.537491988620678
2020-01-29,-0.18569066019317695,0.8996740961253885,0.017436218672915657,-0.3483843510623214,1.277109417377324,-0.5226227318749347
2020-01-30,-0.16714189056201334,0.2068534346036423,0.007686037654963687,1.2272911466421925,-0.7685192918228788,0.5358791888900816
2020-01-31,-0.15805348379772607,-2.3360905289101144,-0.005571705270530983,-0.8502073751390576,0.8812734603919463,-0.13782078770492753
2020-02-03,-0.18026209748601565,-0.888583888380395,0.013045136971155502,0.31316560733234944,-0.21985733059335377,0.5571435625950446
2020-02-04,-0.18969259363501464,0.7959183900914818,-0.0074051582050111975,0.06796997116362523,-0.009476689458684462,-0.21278202117084846
2020-02-05,-0.18441824954788427,1.3266992479041646,0.010090998037340052,-1.5567159521360834,-0.14824023203333714,-0.11512073257219282
2020-02-06,-0.18336891358075938,1.219820761220862,-0.013588772459230153,-1.3190301836685123,0.1793565078454525,-0.20766722418777495
2020-02-07,-0.18921233729683049,-1.4819916540929998,0.010732578317891567,0.011911016248631409,-0.5550180191163053,-0.5888498866243695
2020-02-10,-0.1912821026581497,0.41507970919100234,-0.004061336454709852,1.981199998686964,-0.12390620765038662,1.0403734200512997
2020-02-11,-0.1963216502222874,1.1302844780778194,-0.010285042409412692,0.579269811898811,0.5252983335516916,-0.18775234407070018
2020-02-12,-0.19327039998023804,-1.5405425754488726,-0.002171436130763149,-1.7256348251446327,0.8327535802080326,0.5945428457921186
2020-02-13,-0.1638405605203749,0.10805772461490647,0.002773441797202153,-3.1104880651193376,-1.8925007315010371,0.17394739648465143
2020-02-14,-0.21517372933900084,0.3721467346206812,-0.004947484305257127,0.7330535930043798,-1.4640418233535064,-1.0644835325887567
2020-02-17,-0.21991073462919453,-0.1716603472433344,0.005539535059953235,-0.09621348292819902,1.2232021599815006,-0.9320850181108681
2020-02-18,-0.21638048620174558,-1.7202154146236848,-0.005829938836640666,1.1412659695103695,-0.0740712296376753,-0.37946650080187505
2020-02-19,-0.2104606064080036,-0.19586981835268133,0.00620372393931358,-0.8807179207114415,-0.6815406958525686,-0.12970473740941552
2020-02-20,-0.2178988980344294,-0.20102906641022186,0.004422220620365985,0.3502124978585262,-1.0245850445552709,-0.550897905725314
2020-02-21,-0.25303333368400105,-0.017333065727096558,-0.0006092305470793424,0.8461734630278627,-0.8944191600796245,0.2418514354609943
2020-02-24,-0.24647342400971883,-0.4116514252146689,-0.0044138231236595105,-0.44746363820648183,-0.2945107982276367,-1.1205086925865402
2020-02-25,-0.21192641972643514,-0.295128098835636,0.001515407957652662,-0.4260855702310654,-0.329014316331862,-0.4788181657353495
2020-02-26,-0.2426036478247579,0.08744956948888319,0.00550253743033699,0.025262831098390486,0.17079445991398978,-0.6871207224017872
2020-02-27,-0.22532708755079411,0.5880167936645658,0.020617991527316096,0.5426763465603288,-0.22589120664000695,0.9423757433683807
2020-02-28,-0.231897592013252,-0.16923051032619074,0.009394204217981802,-0.014334004511910938,1.2980014970450227,-0.6232961099008059
2020-03-02,-0.23312407892982895,-0.27051037316005067,0.00975989949815842,0.9739963377594865,-0.44291367062377834,0.9214805805059423
2020-03-03,-0.2541820491439079,0.23222848561235543,0.03088512194860285,-0.46193518926703,0.13815574834922417,0.3827857322628877
2020-03-04,-0.26087117259102544,-1.7684066964088367,0.005159584767678443,-1.3283952054631096,-0.6055202232198127,-0.025503660092094045
2020-03-05,-0.2348702806970463,0.6335578307810733,0.004846435113117026,1.9769753681131799,-0.9109150265211534,-1.0985707010131966
2020-03-06,-0.22321717585729214,0.14035907129526898,0.007040150743216511,-0.6046337365424463,2.157872245088396,-1.2284040771927334
2020-03-09,-0.18857094374909328,0.1736238321119371,-0.010089659775882526,-0.5684420837177473,-1.0511285089035078,1.486900949167426
2020-03-10,-0.16502270596953938,1.07387687384392,-0.004439016364187559,-0.06580332107218435,-0.31153390652551455,-1.229364240286493
2020-03-11,-0.15624097239094786,-1.8538019064665245,-0.005061692666923329,0.06718110965398118,1.139980134085339,0.09502570869946583
2020-03-12,-0.12136228186759201,-1.880089286424395,0.006476139772195605,-0.38668364248828285,-1.6248329749937267,0.5816005262307604
2020-03-13,-0.11258241869282604,0.34662121444407473,-0.0017417456222119931,-0.01743389694900904,-0.8128946545220443,-0.5048953481605607
2020-03-16,-0.09602265515688485,0.06043259608717985,0.0013822342547430422,-0.03976223142817396,0.7790159904778777,-0.08285170982738743
2020-03-17,-0.10195407422757902,0.22779053628606313,0.010874546201484647,0.17481932702080696,0.052903288964075326,-0.209645274935696
2020-03-18,-0.10062315791039492,-0.40095463063589815,0.008631507387041382,-2.357487458987316,0.4593692046978436,-0.5615104273750109
2020-03-19,-0.11457163437640044,0.7247275689861681,-0.0016172100304124581,1.8808763070078494,-0.2597587419886265,0.6356724225742711
2020-03-20,-0.0947799556845034,1.0013818236169603,-0.006699950968782203,-0.14728831353455754,2.0915170365629097,-0.4944982002335198
2020-03-23,-0.11834602814680072,0.5408502673622291,0.011352747316531853,0.5806226194469853,0.41030681686829185,-0.7089064287497797
2020-03-24,-0.10269902129844749,-0.1898208415165027,0.007738911809098664,-1.3781013415340242,0.23447527151965747,0.5738912463210503
2020-03-25,-0.10651204244855068,-2.0460699748353344,-0.016062568182953818,-0.4710002612492502,-1.1027351887137498,-0.5162429006574151
2020-03-26,-0.08308710057920429,0.8331434335062585,-0.0031315393890828103,-0.6723158663204145,-0.7206313431602814,-0.21594930817803543
2020-03-27,-0.06806972080457908,1.2715809265651155,0.0016551546201676315,1.4697237645085452,-0.5430611791254069,0.5114090051680549
2020-03-30,-0.03165679765164306,0.6854002444667274,0.007788297171210323,-0.5858136068358828,1.0964534882736499,-0.2343200562492645
2020-03-31,-0.01704130382887016,-0.8606483487765207,0.00910101494939769,0.7580799869400913,0.16021611136229386,1.090863568721261
2020-04-01,-0.04848210894193498,0.6840191759650799,0.0028390600117547404,-0.6504204526731951,-0.376256946820238,0.16437585843475352
2020-04-02,-0.049821172399899,0.8896189733266064,0.005852475313588568,-0.45261893965394406,0.2244818439076431,0.7831419708155812
2020-04-03,-0.07326131625179531,1.5887089512390251,0.0006413680237815356,-0.24555016520068595,1.5468702879516312,-0.5362474354958242
2020-04-06,-0.0836269130991208,-0.8321531344768804,-0.0067385168818056285,1.2838451268293003,0.6370908569600435,0.6911626413283402
2020-04-07,-0.053402344433586366,-0.17627843668466597,-0.0026126439104125487,-1.8898526590301186,-0.12004891981328047,0.6905878486569001
2020-04-08,-0.040651668215632444,0.779313457803607,0.00018991186640107682,-1.3156635552744327,-0.3384359248279958,-0.16826906812200348
2020-04-09,-0.05463027678720737,0.08180107236753725,-0.00034679250018590513,-1.9473051656898168,-0.017600664308332445,0.5390352318190037
2020-04-10,-0.07490462411601534,-1.0845494359789503,-0.01885572904443472,-1.0875021197614503,-0.01829667092654963,-0.2671440226452179
2020-04-13,-0.07424898225849012,0.4595590594963122,-0.003974833349294327,-0.8116000511921072,-0.8950357937342518,1.2333891890603856
2020-04-14,-0.09858018524611267,0.6232110231702608,0.0005620565308915304,-1.614481254090389,-0.2247288134275339,0.8705523953829337
2020-04-15,-0.11200299079404431,0.1471110074786696,-0.0028136999190570278,-0.734147746614669,-1.2272418841030912,0.06811523169398954
2020-04-16,-0.10576280136301942,0.28678672165637076,-0.0024682379551158595,-2.014714480933415,-1.0298023248531354,-0.22069813963362095
2020-04-17,-0.0826565606408855,-0.1952482208679185,0.004879913708045858,-1.0179887237676812,-1.581185886734449,0.2515918151908716
2020-04-20,-0.0704813311963967,1.5278728721005905,-0.01078957187048632,1.2004203999102006,-0.31589048818544674,-1.4238520884109223
2020-04-21,-0.1163071213683587,-0.8584033849948386,-0.016280422139512113,0.40358807028110283,0.5644438301930595,-0.9293507284301253
2020-04-22,-0.1102197867877535,-0.5175364899427637,-0.0034816979083667488,0.18746767217252772,0.35678534701356746,1.0078510719014575
2020-04-23,-0.10877911532310193,0.07711738560017772,0.0076411440550178955,-1.0027785562791145,-0.17354202031624752,0.324946489879905
2020-04-24,-0.10050130961564807,0.9442214968947538,0.01687553039486639,-1.536084959044724,-0.48569069863490144,-0.21399705673018515
2020-04-27,-0.06817711598262394,-1.4370723843251478,0.007821282390947398,-1.1391560755342807,-0.5619584295561766,-0.21188683265700903
2020-04-28,-0.1094418815187188,-1.2693904801758649,-0.014682637598688458,-0.043209826896014984,-0.8580065891227231,-1.684506176718721
2020-04-29,-0.12126395002254091,-1.9720633788234865,-0.0023236723937677117,0.8681767797266683,-1.05188169590026,-0.5004403537794262
2020-04-30,-0.10944582356667383,0.10545359526679533,0.0025663438108153025,0.9023674171353204,-1.1358547708356228,-0.9251748066710511
2020-05-01,-0.1410777115557527,-1.0526383230665395,0.001775911169235922,0.630612362483333,1.0071516230720698,0.03970833329301915
2020-05-04,-0.1115587305946825,-0.29990348308446513,0.005393045529428708,-0.7375568640679442,-0.09599373300918068,1.050236697412835
2020-05-05,-0.10419159834066934,0.7283134282485175,-0.009170489464607606,0.024549832403988035,-0.5619064279427756,0.302810960623815
2020-05-06,-0.08725991862380125,-0.579027761778445,0.000649430875507423,-0.3213425300372459,0.6963110531115408,-0.015582703294764078
2020-05-07,-0.09867879185423714,0.28363797391764534,0.004203228297761291,-0.20118976349475026,-0.4163361031881538,-0.5850680753319673
2020-05-08,-0.08240351805491294,-0.24013063263917975,0.008256709533036588,2.037127896959813,0.25304448604941665,0.1670346015634553
2020-05-11,-0.06103408693513217,0.7215564259293846,-0.0080571816661279,-1.7620002370036125,0.2876228597659362,0.49150878603626785
2020-05-12,-0.0563765265323888,0.5117485195090881,-0.0034515686724289896,-0.23467681592226086,0.6936544354784695,0.8765458791559093
2020-05-13,-0.05168850867841489,-0.6581077802551767,-0.027038176800733393,1.2117489071961567,-0.13022360495231122,1.5830703834234294
2020-05-14,-0.04628164389278037,-0.1376386481934037,-0.006214619675777744,-1.4658914950335382,0.9326183656241342,-1.074137026371505
2020-05-15,-0.063548549187568,1.0715123840561627,-0.005244148929710438,-0.6437474252662504,-0.7577217998025755,0.18659216915993243
2020-05-18,-0.06649912279237506,0.43150599976663784,-0.010195845081674426,-0.5290384975676395,0.679941393846329,-0.7863347922057458
2020-05-19,-0.06954957344142224,-1.3570625840757065,0.0016561215023265241,-0.2232897220539845,0.36967610569041814,0.4094779402618926
2020-05-20,-0.061881696154352336,0.697347805236236,-0.0005594543204526792,-1.5959571596062172,-0.19748005680892655,0.17439536249151139
2020-05-21,-0.04188521121614645,-1.0474816047436268,-0.02259213877577612,0.5952860603380394,-0.7095239783557433,-0.22931526941210428
2020-05-22,-0.06305593285571463,1.4376441966906939,0.002155079693017564,0.6662872825131441,0.25202348610669756,0.2972768265806196
2020-05-25,-0.06555611346210619,1.0619323995544536,-0.00928324130789028,0.5083753250179477,1.901779295173592,-0.5474379579604562
2020-05-26,-0.03592700250892672,0.32921914399566454,0.004856889591905153,-0.8703736742910814,0.6056163640713826,0.2311278023925527
2020-05-27,-0.050798767085178,0.17878904494154943,-0.012818512477286659,0.08651079078729512,-0.16897183653990616,-0.34200779882670307
2020-05-28,-0.0672437674309844,-0.17855299577631323,0.0003000653853094115,-0.8994402395690875,-0.13626741557681277,-0.2922338788985499
2020-05-29,-0.06319764359436053,0.7188702118586188,-0.002831633288865057,-0.3325966607715127,-0.6261162735515277,-0.7984744665566734
2020-06-01,-0.04630993978465412,-0.33285958330544535,0.0030310188495032975,2.153467927170878,1.0821978607025424,-0.31089521637774975
2020-06-02,-0.046081418673440934,0.26335583451068634,0.0012469727765134775,0.09569537759625597,0.19199062616386686,0.387694920537624
2020-06-03,-0.01950220686470115,0.8995832177235157,-0.0025516417502145505,-1.1875265759871734,-0.30019403697668945,-0.38551328662570794
2020-06-04,-0.0023663272133706116,-0.550105219406769,-0.015362723140442444,0.18033534066391385,0.780605538507031,0.38917243579420724
2020-06-05,0.014470074124430625,-0.6147729436626722,-0.014772079634610323,-1.3517959260633097,0.10859024698129782,0.3155721753561218
2020-06-08,0.025552404150912488,-1.2030475251991175,-0.005838869390922187,-1.1990103925150117,0.2074714653224694,0.6864540295606663
2020-06-09,0.07210546615783418,-1.0798041886167198,-8.279883929586743e-05,-1.041123135948791,-1.3107788624088732,-0.023667751327547976
2020-06-10,0.06800223238051331,-1.871658591136203,-0.00608247947199117,-0.4443094521956835,-0.8949624408863682,-0.6043674210228058
2020-06-11,0.027931786539183028,0.6890274495872216,0.006252119305794657,0.9369689955892015,-1.4439163879840657,-0.7404025412078923
2020-06-12,0.06001687376952585,1.792155470159261,-0.0027922091921168367,0.5783981980168391,0.789127163511542,-0.6539902989141203
2020-06-15,0.050862885150389336,1.3893188192085901,-0.009650127247795102,0.5229953282473283,0.24226430143595268,0.7824460072594217
2020-06-16,0.05302049403725,-1.65660221971675,-0.0027809629298790953,-1.0989245655905424,1.2454971564730954,-0.1377816037160001
2020-06-17,0.07921150773446055,0.69304237513385,0.0022585983631655242,-0.5413143554356487,-1.1090289325227616,0.8715208979336915
2020-06-18,0.04716631691328204,1.3745794452828801,0.003248847188245847,0.27200110688318835,0.10038382528074236,-0.9867111962626874
2020-06-19,0.02213337263115925,-0.48510977088663326,0.018783791319931294,-0.6283199853884129,0.6015855826038328,0.5006030606896598
2020-06-22,-0.009892186111217822,0.08816740707135391,-0.006689093400034197,-0.2783664403010984,-0.9402852191262578,-0.07722998421543165
2020-06-23,-0.0257749119117263,-2.0019577391379397,-0.0007347866159040026,0.4413586925299495,0.30222872082759755,0.08787957533061419
2020-06-24,-0.01698217979138643,0.2822011151236773,0.004261239468194265,-0.348772681201302,-1.4119871134287036,0.1725888498326179
2020-06-25,-0.006498422935131008,-1.0533704215598856,-0.0002342295920081533,0.22605958910202525,0.25731900512116823,0.27717803899172133
2020-06-26,-0.0009729393485599325,0.20353407167259313,-0.0050061814598865335,1.5927284560195685,0.6022426941060544,-0.5766470834479996
2020-06-29,-0.029228257026407262,-1.5606191585797444,-0.015492571763442436,-0.17185879898699755,1.4815488936886707,-0.6146968516393965
2020-06-30,-0.07543032575906015,0.5603951786934402,-0.005108345590530156,1.1793378097192062,-1.6031189246579638,0.2969666545745617
2020-07-01,-0.0743432540512525,1.0697708708821259,-0.010737024127178009,0.5593700673073582,0.47891591153371854,-1.5521700849166717
2020-07-02,-0.08377877472401922,-0.7385739092844161,-0.017266066811237782,-1.4672419934867666,0.9678263289645159,-0.6141287764667931
2020-07-03,-0.07459105928968698,-1.0866553165760229,-0.007956788416705867,-1.1021370292635242,-0.9945458202822433,0.8084523043099576
2020-07-06,-0.060551986765261585,-2.111268406976169,-0.010470917207664545,-0.8335958830698964,-1.689065149178003,-0.45005289517460445
2020-07-07,-0.057787158124087946,-0.2300823420160201,0.005837865452929483,-0.8548349169327834,-1.1988016175043095,-1.047887903152657
2020-07-08,-0.042584496416570874,-0.5469216394071523,0.006010918374142936,-0.0902897461068142,-0.4651248605015725,-0.7716382862601986
2020-07-09,-0.0380002689342695,-1.5254687144981123,-0.00903879289580875,0.6146440480818223,0.649337345791468,-0.5676487858215112
2020-07-10,-0.027398974822240168,0.4758189176727333,-0.00260228630563121,1.2551584167047227,-0.6416878138128076,1.282423306297587
2020-07-13,-0.04149244007963782,-0.43353099697130504,-0.01858242662112535,0.30817508872508226,1.3212628803128088,-0.7300629408015854
2020-07-14,-0.04508466835626699,-1.0508404945974497,-0.004943399501826942,-0.4456795560532098,-0.7278203504522968,-0.1987120427092155
2020-07-15,-0.04114914642312784,-0.5275216046266868,0.003989819007023457,-2.0822412436298743,-1.2232714466546004,0.15011121278826306
2020-07-16,-0.024738576914779466,1.0959940267834924,0.008249378896141024,0.07058957541733794,-0.7373093397110962,-0.6799255250032628
2020-07-17,-0.032613400359270905,0.61778008990409,-0.007130470816913134,0.025770193694991287,1.1192951795644759,0.8914750104207378
2020-07-20,-0.022190055244628654,-0.11045802128292728,0.0105185486052752,0.18292875353895768,-0.1570234269383124,0.18795944752753307
2020-07-21,-0.027506831082936233,0.6324190516116297,-0.01515691921513472,2.1062402977033328,0.027842052771001363,0.4369299657318345
2020-07-22,-0.02985767442949884,-1.1444078577369772,-0.012476277991437926,1.2405965461930721,0.4710716227041917,0.6618473221065336
2020-07-23,-0.01326729358901738,0.05028470538472983,0.00709661865637877,0.7850609182499858,-0.17112229930853978,-0.1008192691043159
2020-07-24,-0.05312850101010049,0.15528270663988097,0.016711212285632472,-0.9620771300715998,0.7538852294069909,-0.5227574954342644
2020-07-27,-0.0790579475715957,-0.4379594078926666,0.00493431988183695,-0.5129947491967435,-0.5225397626798582,0.7840682717916887
2020-07-28,-0.10870165552045212,0.48289310450037526,-0.0004034238653401259,-0.09484460692850216,-0.5436815929112423,0.1097922575424222
2020-07-29,-0.15537397791741822,-0.71521246133218,-0.021951837465222092,-0.7754071240103536,-0.35990869370468803,-1.091022777236615
2020-07-30,-0.16893926672052176,0.6030450945265688,-0.02022447056043479,0.5004645249851181,-0.9920693142422965,-0.839020293949942
2020-07-31,-0.15395058872596695,0.653222331563605,0.001294095368958692,0.35690884921570454,1.3741782641249343,-1.9682891943778364
2020-08-03,-0.15964827005361845,-2.824789527461486,-0.0035806266957117416,-1.0883077930546925,0.49976981015852034,0.9756123312435018
2020-08-04,-0.1556924684147814,1.2860946655422887,-0.011058351821521178,1.1968167090961244,-2.3484835356672313,0.06780009868988687
2020-08-05,-0.13390811848056555,-2.954217084303885,0.0006553258083005081,0.1023103338088603,0.9633138534418848,-1.1541078436354233
2020-08-06,-0.10735439583521171,-0.535704154467786,0.0011513136750780778,-1.7290711467422513,-2.2382157247581356,-0.5813752245722636
2020-08-07,-0.1087371545297345,1.089760671758882,0.009444158685402729,-0.051342858344969454,-1.4663637842584096,-1.6660584879947569
2020-08-10,-0.08166543673834654,-0.25204443253459996,0.0013660228301270033,0.28120645592290483,1.2048584561672033,-0.9466390504568241
2020-08-11,-0.07982290356966436,-1.417186720426534,0.01228394368334386,0.9727923614357405,-0.08194759848581976,0.13879094518654894
2020-08-12,-0.09657086804621359,-1.045843319574872,7.994029548813453e-05,-0.3374764031266163,0.6262984792606704,0.033825225991959834
2020-08-13,-0.1084588750901883,1.084848267148348,-0.0011533499480733678,0.8279382674472072,-0.7019009571811073,0.63191519164639
2020-08-14,-0.13806960534148863,-1.8564292054945253,0.010643121862471822,0.1871419867702157,0.8556340745459553,1.04591211083962
2020-08-17,-0.15583228241616168,1.2118328641669105,-0.00978440880041434,-1.3150546090375794,-0.5332567337525367,0.3730251155271246
2020-08-18,-0.16299261617765026,0.03839727040740766,0.02814447453266162,-1.4151667734825137,-1.2532062660825356,0.42927606766952575
2020-08-19,-0.14692091579007824,-1.0945997607358433,0.0037525747816673574,1.1225598701493487,-0.4473337350026386,-1.0619264859250057
2020-08-20,-0.11250551916675855,-0.49496252282864417,0.003808292528376729,1.195984178381769,-0.11432583397885951,-1.206267969736401
2020-08-21,-0.14014914947429935,-0.9497210296015861,0.005250959739725974,0.32290923040472297,0.9750576291304595,-0.26282761331656157
2020-08-24,-0.13229260010910096,0.9503146905431082,0.01877136475331643,1.4957067211800286,0.13778536220141774,-0.5198570976158381
2020-08-25,-0.15310347889225165,0.8118033698282988,0.007925074116726065,1.0566098490416067,0.5081694788920831,0.07080731329209991
2020-08-26,-0.1436095371229876,-1.6272990465406956,-0.016050559790039234,0.6836287294797211,1.4552463432705773,-0.23959620920376168
2020-08-27,-0.14623127013674214,-0.31742639624554153,0.014034703847675044,-0.9113114887336718,-0.668977772033939,-0.5177019775809915
2020-08-28,-0.18284938665369274,-0.7754469002622317,-0.003408965794450174,1.7314287510323434,-0.9802795747012738,0.7405750901008337
2020-08-31,-0.16428344682232307,1.403219600451586,0.0010715507283932356,0.536301432208273,0.4076100868717252,-0.7636628364788013
2020-09-01,-0.1763834610784977,-1.2515290500330272,-0.012792539721752665,-0.38583877461162164,0.813723005538858,-0.7991470426742424
2020-09-02,-0.1870614658459688,1.7100591813321124,0.005262020181238957,-0.668270005305298,-0.010545912628382337,0.9050784267968599
2020-09-03,-0.2084565140717626,0.07894213999064371,-0.006513742900675523,0.2567837815138569,0.7541948408730161,-0.44191427820634316
2020-09-04,-0.2215421796055137,-1.0368604979370302,0.0010016963799347363,-1.6710590848384548,0.2465926490982392,0.9934872986072545
2020-09-07,-0.2129843707916154,-0.5443488762459696,-0.002840990053607828,0.6996732753528626,-0.7384844643463798,-0.329069908712622
2020-09-08,-0.2167692576103435,-0.6738282182934814,0.01925012801735852,-0.9535708146940268,0.5544311899784967,-0.6568566231135493
2020-09-09,-0.21019601756469386,-1.1445568474493,0.0198226030014559,0.37060810882428674,-0.32739218489178423,0.45639306117655143
2020-09-10,-0.202957580486117,0.22094447026919198,0.0004651317021474137,-0.5216203373581595,0.2914715946177491,0.20860514522116322
2020-09-11,-0.17654434737555366,-1.1061410024001732,0.0006397771136885475,-0.26441871272470363,0.21211208754866318,0.5922524599823462
2020-09-14,-0.18340007039284126,-2.0744396003128567,-0.003734429663495152,-0.7569098727650648,-0.5748727144159729,0.04160575615930102
2020-09-15,-0.21293722672975587,-0.26963642861246834,0.011060062915027861,-0.16122943118080152,-0.7202057850843331,0.05847731144556223
2020-09-16,-0.1915927783983162,-1.6750938603800292,-0.00328919870333377,1.889379546017354,-0.2458783857186727,0.12328456086610234
2020-09-17,-0.19822254184026128,-0.6372052010285306,-0.004213372746456993,1.3850596270486406,-0.06185383473623385,0.009696209566707109
2020-09-18,-0.17593069294871375,-0.7901693634991991,0.009785928636649645,0.3544789549954567,1.0952229493426482,-0.11342909358988293
2020-09-21,-0.1682631506850643,-0.765657656256586,-0.005382990953166494,-0.025294265564952366,0.5564049524022616,-0.3743266417344863
2020-09-22,-0.17088590128913123,2.101920992001192,-0.00037755034448530914,0.844201190692885,-0.3940986592249405,0.609886722649011
2020-09-23,-0.16391038340820532,0.1589431079430495,-0.015813107815109927,1.1299703941075565,1.1602502863389916,-0.1520401771665327
2020-09-24,-0.12489013220567934,0.34371723904025536,0.007041903451231669,-0.8298183822075292,1.262933196615451,0.2739431174421218
2020-09-25,-0.08335052162460428,-1.701464217018887,0.019408669391818685,-0.0774388676322022,0.23539651325019,1.334979756631949
2020-09-28,-0.08196289892194872,-0.6039528206621594,0.007212253727997924,-1.8219582295680803,-0.7218044574282733,-0.7507717487854039
2020-09-29,-0.0787590870556072,0.2644803692946812,0.01461799167547305,1.123102110260895,-1.1858734564357385,0.6616097833762088
2020-09-30,-0.05723428390627949,-0.977273460679642,-0.008461021361773312,2.0650242577008555,0.7494929942273949,-0.5470070225767617
2020-10-01,-0.07414750456162643,0.9424034138617531,0.0023632428202820036,0.0800826246230855,0.33090414029931187,0.5277827545040668
2020-10-02,-0.06748609710926133,-1.1582080831640542,-0.00943159924369389,-2.1250101249030164,0.16852736058508083,-0.08811960558347215
2020-10-05,-0.06800335406833846,-0.24587447759961883,-0.002277655455813432,0.6088905165770311,-1.3638779544035315,-0.9244064352507116
2020-10-06,-0.061725189839187386,-0.5452496275345555,0.007722114773525052,-0.9040891661490803,0.2505015108776986,-0.697511018561057
2020-10-07,-0.07839256595817551,0.20135577328542842,0.0010182061310329837,-0.66334944166446,-0.8226413103237694,0.3135726240306399
2020-10-08,-0.11018391582435488,-0.5934545322805207,-0.014126410226012215,0.6265763897910038,0.28956758871374655,0.035546678195860215
2020-10-09,-0.15164358454418073,-0.20478327757632442,-0.013150291055377534,0.2545541255127244,0.5986249477709455,0.011485495857845099
2020-10-12,-0.1739912668039729,-0.1451439410514771,-0.013811639314907738,-0.4881087753386017,0.4801409351768302,-1.0461426782257253
2020-10-13,-0.18316477250275956,-0.6299929973089173,0.004914525899395903,-0.6496056326016644,-0.4098847605847899,-0.7089333859200017
2020-10-14,-0.18902860423573478,0.5949927319987685,0.020638945356566685,0.12583605522083274,-0.20107149139541086,1.0467636319948208
2020-10-15,-0.15028398098714446,0.35180553737886616,0.013624582440002135,-0.4094655525123675,0.38828584458755616,-0.7460037613912042
2020-10-16,-0.12816411358899849,0.0015564433391193622,-0.018959851991460646,-1.1092371336030074,-0.5995647579915198,1.0309583050079252
2020-10-19,-0.14740593591583104,-0.35355986530855904,0.014210759380697841,-0.33256318147836006,-0.10246456779076979,-0.8302561835467411
2020-10-20,-0.1404517668668119,0.8849875920694956,0.009364004170146469,0.33959262325518413,-0.24242734036458768,-0.15558260134256693
2020-10-21,-0.1485933315938184,-0.15156318369409422,-0.015452999455287574,-0.17810346681963335,1.8793680741856846,0.26603265259587794
2020-10-22,-0.15428060835462032,-0.21754128886964613,-0.003032016167104974,-1.4135085982481852,0.5844216543154235,0.35359896543503394
2020-10-23,-0.15057409536631267,0.1972583949008982,0.010955224114958098,0.9890646213755394,-0.3232349051034213,1.2183188258973732
2020-10-26,-0.1381906730268048,1.7869311401906383,0.005504335109347849,-2.7388114369433336,0.6179306917946232,-0.100018692455493
2020-10-27,-0.14497584270448513,-1.257441804205121,-0.013090950523879857,-0.4463651550284352,-0.11691130991851785,0.5545793190873824
2020-10-28,-0.12369881204979795,0.8568423986780457,0.006107421557961946,-0.6201984545539159,-1.307460365397684,-0.2131742942748085
2020-10-29,-0.14653757657264602,-1.8189518740082262,-0.021375005960805882,0.14817887787141484,-0.6930790812396628,-0.19312499221870338
2020-10-30,-0.14641079532540066,0.30519570417221153,-0.0022282217575721117,0.5616618078027354,-1.284651713928941,0.6353900573520692
2020-11-02,-0.094457320793484,1.662929304803971,0.011379567694000491,1.1267648082610353,0.346991564333743,-0.656864833841952
2020-11-03,-0.08999572594097849,0.5453429169433975,0.00018394215571319525,-0.7124048733521602,0.22873247007463604,1.193973878399726
2020-11-04,-0.061331435808855035,0.2246225141043799,-0.004989375499619461,0.5865823373334818,-0.28103751669733973,-0.2640278734938845
2020-11-05,-0.05950103224539088,-0.5236506073177626,0.008893462537723492,0.1958183878814611,0.22319285807008366,0.3319907410972231
2020-11-06,-0.04788549033879494,0.06674781983578876,0.009747518150865813,-1.7115393751832233,-0.29270803789891164,0.3939053878773676
2020-11-09,-0.04902115422664877,-0.22333152120007932,0.013100396928669503,1.9005402554341098,-0.9794356004881504,-0.7728678606639319
2020-11-10,-0.052429305849932856,-0.7565639153953662,0.008743424284463876,-1.4387751272401994,0.48071768982816393,-0.3124601974372686
2020-11-11,-0.06801895378444124,-0.25841803196491014,0.010813747939371461,0.41949727230971495,-0.08791497545323113,0.22074252313289744
2020-11-12,-0.059412926605290184,0.2391925328971043,0.007329085574375352,0.3899599441977477,0.3722855609720716,-0.551477044720061
2020-11-13,-0.07644367038900554,-0.7315693125674662,0.002655286491164713,0.2756367823290771,-0.0013260199396121775,0.3823299629539081
2020-11-16,-0.06313196566273696,-0.7604156184512808,0.0008950899976381543,-0.4945768821616075,-0.28750511186077127,0.08717701869228507
2020-11-17,-0.04142622557381876,-1.3223642581945323,-0.0023725971909740323,0.8272526511405023,-0.5913986439690674,-0.17292946872167708
2020-11-18,-0.03409559742907416,0.41558076143318734,-0.012123682930597249,-1.5603674739430955,-0.7139902585118493,-0.3072758712212912
2020-11-19,-0.039820572100188,0.5657806204245048,-0.009553115088198089,-0.06582878867392292,-0.8016334968898641,-0.3753017716845038
2020-11-20,-0.030741260514014077,0.25555278749663024,-0.0028201448193520898,-0.5638746765524585,0.7581837000268605,-0.5813548463482353
2020-11-23,-0.03691472162494233,0.9836152490370743,0.0024145215960242952,-0.6772979420670315,-0.3105316001575357,0.4250831220210763
2020-11-24,-0.01820377911563934,0.11001647005569291,0.014408125980042638,0.42874778745354575,-0.3273057892695168,-0.5260877474891593
2020-11-25,-0.05483190079994182,0.40293320483514034,-0.0004179722787551188,1.0774785427196831,0.20566153445335073,1.4467980897107169
2020-11-26,-0.06154404816231474,0.3367365661175279,0.01003476290877664,-0.34325576183686607,0.695785333864018,-0.7530522567751816
2020-11-27,-0.10136028806479469,-0.05461359052081903,0.010793156564321199,0.7806810899257774,-0.9554115254565267,-0.03773824610186727
2020-11-30,-0.13126150466933878,-0.4700056552907705,-0.0023144679768879184,0.04974066544459848,0.26760289067393794,-0.7333804492016014
2020-12-01,-0.10398426007306061,2.292909518593514,0.0059469021137018435,-0.8927322092380086,0.22212135267588068,1.3447173493979947
2020-12-02,-0.08608056043362688,-0.38956042380967215,-0.0024352804172486225,-0.25795209324106383,1.014282227969404,-0.6921261812823533
2020-12-03,-0.1004701650993227,-0.6142293748602602,0.013221358940784772,-0.2994858907916149,0.8187205790303345,0.7119803813778977
2020-12-04,-0.13052023422014064,0.4942919225097006,0.006358433382659318,-0.6966599125054466,0.1979151132841389,0.5174606995915745
2020-12-07,-0.18981081097697367,0.33016655582708954,-0.01190483754688354,0.42848292865583376,0.6969154163103338,0.2892231837825913
2020-12-08,-0.20068072113562635,-1.2909050610241433,0.001615246521538466,0.23464618770475926,1.7384269473478393,1.0554178349062142
2020-12-09,-0.1522724208906783,1.2430866872451145,0.016481121618238795,-1.590649698269418,-0.17608737580693412,1.5117897421547806
2020-12-10,-0.14357473546140537,-0.0028311228164263347,-0.0018123103454670136,-1.6515259952393577,0.067303142237602,-0.3498134150251908
2020-12-11,-0.15476618118239516,-1.0247862539388772,0.00447715030095068,0.4246844532057544,-0.17021147630281874,0.14669688370331543
2020-12-14,-0.14546457699238902,1.2816438230633111,0.0054587883773914575,-0.8152864287945346,-0.6226812554882738,-1.1950563836275547
2020-12-15,-0.17668374405227788,0.7129543177915874,-0.010366228991645993,0.302041155100324,0.3698936448516116,-0.22075075985656578
2020-12-16,-0.18263021130623058,-1.1585317455165474,0.005107079492135125,0.7809315781091883,0.15506743590998384,-0.30994151651592616
2020-12-17,-0.18064066184591582,1.8867609670414627,-0.013938351520346254,-1.2709528374055592,-0.07101083143065123,-0.042049109416817165
2020-12-18,-0.1823626748823368,0.7671817654737423,-0.00625624106401397,-1.411537254576185,0.11057692839623812,-1.0431779930338099
2020-12-21,-0.1665465524485352,0.09922148930435594,0.010757229674941929,1.6744316823952952,-0.5286697744805655,0.2926829898097524
2020-12-22,-0.15965364792381415,1.6901467370909005,0.0035675629030835765,0.351570782962459,0.9242431918438441,-1.2558426158616192
2020-12-23,-0.1462871275616542,0.25508997258392907,-0.003044778077465282,-0.41924065667327093,0.9200731302426328,0.5048802004046816
2020-12-24,-0.1600545732062694,0.059689201432960554,0.004464610212451883,-0.9339404526462636,-1.0028415753647923,-0.3218704472043448
2020-12-25,-0.14209826503805842,-0.5642673720982274,-0.0006009224775513078,-0.5104408489072796,-1.0724234744213095,-0.9610633299956873
2020-12-28,-0.1095195260855786,0.6671093983299137,0.00012578502351831555,-1.1905723361133103,-1.0586038882790216,0.21024869803750834
2020-12-29,-0.12892251647860686,0.542314682975327,0.006568185267201376,0.8834121740905903,-0.5843404650806199,-0.12362098217738654
2020-12-30,-0.14667642959289806,0.0920336497768754,-0.0072736774065913085,-0.7767511536063209,0.8317716113702742,0.42656867331604675
2020-12-31,-0.11996074286649339,-0.7019804961118641,0.0004033640555468898,1.093534588216267,-0.1532437574381123,1.3101335046173974
2021-01-01,-0.12378762260039461,0.2019062998859699,-0.003122681946066519,-0.40062891977001125,0.616881169858197,-0.5326629151310094
2021-01-04,-0.09571119475906346,0.0044737877980988855,-0.015856033746002557,-1.0433501836173147,0.3172235027225301,1.1769795239007117
2021-01-05,-0.10456190899690715,-1.276047601878763,-0.009204557562492999,-0.4263015880138014,0.11991149395963252,-0.7365528174822024
2021-01-06,-0.07546099747149292,-1.4090752059260414,0.015682064470638316,-2.624166777501417,-0.5091031505391413,0.5016203730087765
2021-01-07,-0.07283128113538387,0.6104299772926652,0.0038472331458523357,-0.12076857667400692,-1.6521260266865907,-0.5250990465025965
2021-01-08,-0.06766670466892998,-2.5581895463704587,-0.013235883014013905,-0.17011919113015858,0.8112880484617491,-1.3016367975925556
2021-01-11,-0.03637234423553188,0.24601054976261796,-0.0154035437584841,0.8247427465479676,-0.8862818838234874,0.7337615421904526
2021-01-12,-0.04360775378441531,-0.45625965121250533,-0.0011216390011058452,-1.8863049279833795,0.6369792923732875,0.16814406738095855
2021-01-13,-0.06243019570291448,1.3344112591505592,0.015611865331764813,1.1618663608635478,-0.3517369244970786,0.8358017135559063
2021-01-14,-0.07140147986348155,-0.45601009173212703,-0.0018675813480435177,0.820599294997656,-0.04127843903133144,-0.02936568268681017
2021-01-15,-0.062354800850618786,0.7023251021699849,0.01306999553404016,1.2520435636986627,-0.04031335533769659,0.060599083233444276
2021-01-18,-0.09366998229422908,-0.3595009607274203,0.003519307708186578,-0.05272137600413741,0.698524469334179,0.297978941517978
2021-01-19,-0.08092056424120665,0.1699501428626809,0.00471250457845894,1.0138968341027554,0.37942340663563207,0.4965944565106952
2021-01-20,-0.09169599059356152,0.7853888694647752,-0.01335720509304568,-1.4712440349069051,1.2772870958602833,0.4955540367376226
2021-01-21,-0.06873973737889025,-0.40753812196844325,0.00937522921749756,0.713047565204533,-0.9194791129619682,0.6971788698035561
2021-01-22,-0.11662494347689968,1.0377987269257383,-0.003349320372736067,-0.7711627620999453,0.7830263906443159,0.09190469387093264
2021-01-25,-0.13235625897898307,-0.9237229110203433,0.0086309245361091,-1.6514018324229363,-0.3724757656249942,-0.6239628081403145
2021-01-26,-0.1660856220036651,0.3740065979457689,-0.00814169981986114,-1.1241405181643607,-1.6940346073715784,-0.24637817958307912
2021-01-27,-0.18261021133094418,1.0222910959900517,0.0017704934750991247,0.005531138629270573,-0.37720648209570945,-1.592623469624562
2021-01-28,-0.1776568933087653,0.7696036185889014,0.0035200295393763154,-0.8242992082176034,0.3518122574344835,-0.0037217063801384676
2021-01-29,-0.18124142581776037,2.0230390127206697,-0.0015403331657586616,0.37607353169579993,-0.7235953658084993,1.1434736213577361
2021-02-01,-0.18630897719672068,-0.6546944618200042,0.004045451930861574,-1.8082375550040173,1.487943914646751,-0.6100687837820058
2021-02-02,-0.1894926746243219,-1.2673638650305554,-0.0026639707519250932,-2.1270975436158617,-0.7114031404980357,0.7459259797693671
2021-02-03,-0.18542490981192303,-0.8806395037205262,-0.006490597530412784,1.372387434143576,-0.9562865163005287,0.13376061572886727
2021-02-04,-0.20559563065078518,0.7716975124355908,0.016054833827939652,0.9038001294014344,-0.10889163431734283,-1.6709626913951527
2021-02-05,-0.19145863783280415,0.6212803126598497,0.01048952866361444,-1.0492968359138075,0.725630271233021,-0.3622675247293169
2021-02-08,-0.17820531842509446,0.21713184234709826,-0.007608647450481787,-0.002999643470539514,-0.11947571033853763,0.5452430176185696
2021-02-09,-0.17050455967197245,-1.0160338580520731,0.00568444305594612,1.0195070602013239,0.9545106431186499,-1.791960905046707
2021-02-10,-0.1593738908169472,0.8691700291322443,-0.007426788547011523,0.41920060829060546,-1.5196190904972606,-0.15655530644159038
2021-02-11,-0.153445530800774,-1.129080443160372,-0.011846846436623246,0.1482230961834784,0.12549841630459646,-0.02331380669499372
2021-02-12,-0.11274406474615263,1.2510169008573642,0.010338094413989765,1.095154081312597,-0.5047085982749993,0.6582724276075033
2021-02-15,-0.11448594816720283,2.9250848619875565,-0.017040996256474053,-0.7307124752012204,0.5172309115649826,-0.002527932801689531
2021-02-16,-0.12062761253389435,0.43514271547187217,0.009268559135765408,0.0311784486646287,1.0441986906019283,0.7620724941701487
2021-02-17,-0.13569816414104194,0.6554847031780797,-0.0025272231257306016,-0.017848638292391635,0.16189267013989064,0.5989519514237459
2021-02-18,-0.15634341755259867,-0.41144087041093425,-0.0021154660308052714,-0.27276204767104256,-0.005459590383421586,0.4060886460283395
2021-02-19,-0.1812328533046202,-1.716407270555257,0.0040975121962329025,-0.3898055114207521,-0.28334895816026706,-0.19184904097690803
2021-02-22,-0.19900879956923856,-0.49397965104745023,0.005811988119942518,0.07286823782849074,-0.7006858407762644,-0.058019421418864514
2021-02-23,-0.20042240720228,-0.9734899613572062,-0.008263431768289087,0.03440749598552754,-0.33474649924895994,-0.6947308601988124
2021-02-24,-0.1937365046323257,-1.3267511320936476,0.007177256087500625,-1.0484276425345258,-0.6978357528327772,0.607454081847356
2021-02-25,-0.19271366346128246,1.8386018447750447,0.001133705380252245,0.8017959099004475,-1.1681081109180569,0.5989095569265712
2021-02-26,-0.20802436900987673,0.3884907161025425,-0.012560547928680388,-0.9763852077662583,1.2384542898511568,0.3022990305051183
2021-03-01,-0.19002067772947748,0.5045022020199097,-0.0016987448357973917,-0.2182334445471739,-1.0661283961083674,0.31243917342630323
2021-03-02,-0.17523242428345853,-0.19500995855856307,0.013812790155589255,-0.2952804727200515,0.39196651779312053,-1.0520222018678178
2021-03-03,-0.17842539043189887,-0.06773162787336123,0.01676594798245698,0.35810361265921586,-0.4416274065414385,0.9425691294570021
2021-03-04,-0.19148371332519312,1.0716059164984726,0.007173484576086769,-2.119103940217333,0.7442870055792081,0.12761198861120027
2021-03-05,-0.1805151549085971,0.08255310929990042,-0.011903434881683717,0.8909098149294582,-0.011282095621722388,0.5320797574248292
2021-03-08,-0.17675568315887502,0.639003030969891,0.004906069024558896,-0.6769903476121641,0.9848257281043871,-0.38525619399686245
2021-03-09,-0.20571822834717599,-0.08995088794969085,0.008508609038591908,1.2199632947770542,-0.4603675508818795,0.6985698652290331
2021-03-10,-0.2070778334668641,-0.2187219537237416,0.007257079833187241,-0.4781649245161544,0.25878837404963073,-0.8583322336940067
2021-03-11,-0.20183711722537648,-1.2826674655217436,0.007849542886879168,-0.04884358573401051,-0.9193036076854596,0.496892181969753
2021-03-12,-0.21983101295513155,-1.8566467920319023,0.003632630792475333,1.9137860400684237,-1.0112896475691828,0.41364539630526936
2021-03-15,-0.2160341450983827,-0.12966329329332288,-0.0007241233883054365,-0.27733820879366844,0.4655985951317779,0.523546984938639
2021-03-16,-0.2451305948035385,0.18611717905226233,-0.006083674959040192,1.2388498846734588,0.5690681480348614,0.6346338002751897
2021-03-17,-0.21840687280329507,-1.1390516798266679,-0.01897935518501495,0.03904508556456009,0.014314658976793182,-0.5731322631569854
2021-03-18,-0.19344787310210645,0.09656925864734417,0.0033964176671335,0.4154188302934896,-0.7848717423338637,0.12483967510716987
2021-03-19,-0.19849821978816576,0.1698212868517659,0.0018605284365218744,0.0699585894113745,0.17066051887358885,0.9306167623843893
2021-03-22,-0.19122913303138428,-2.0369090741864797,0.005575758428248173,0.8478516263001241,0.4067158253954634,-0.44436972077225556
2021-03-23,-0.23942757234738177,-0.8003871796606706,-0.013375436932928947,-0.6855316128530513,-1.5586608598104799,0.14751317768182834
2021-03-24,-0.26255452555268843,0.5509204371438976,0.006450166893150616,-0.9840485230191854,-1.4742335482073006,0.1467172241658703
2021-03-25,-0.268430103955731,0.544591444727357,0.020545450946207744,-0.6385761903770217,0.1226412502205971,-0.29312474344913403
2021-03-26,-0.28987276438426823,-0.992616854026322,0.0007845013077791285,0.09971037632409105,-0.9557189881781472,1.5432823572903314
2021-03-29,-0.275584834731655,0.3323717091302959,-0.0006166531920654139,-0.22081878555032944,-0.6736593442690973,-0.8697951746173193
2021-03-30,-0.23563890411669516,1.1877581261994652,0.003090023560857025,0.7102748764711765,0.15913959501677027,-0.8970001763655868
2021-03-31,-0.2591711985052812,0.9184563014609153,0.020323370247103373,1.30473169982152,1.085637002697142,0.8060880792586509
2021-04-01,-0.2759204665869851,0.06021693208923415,-0.010236477616998918,-0.9758383372350086,0.9111887899554068,-0.22899052574920764
2021-04-02,-0.27121149922078647,-0.30242403337210133,0.0020320693339390405,-0.7339487916139326,-0.5370082172990207,0.2919741621894113
2021-04-05,-0.23898917625079408,-0.4666175848020325,-0.00799657422297645,-1.436239418312854,-0.025577046758483712,-0.28104162470030525
2021-04-06,-0.26343666250159214,0.6112132886601336,-0.005470047208449957,2.030372990759104,-0.6645919757430974,0.6100840129902356
2021-04-07,-0.2584559400554533,0.3531659706438433,-0.0004959030788193874,0.30466949912182684,0.7918485573910854,0.06949439173075428
2021-04-08,-0.22202996303919112,0.7844775701354724,0.013473232416135572,0.47980232005157775,0.3156712191492366,0.6305707993321059
2021-04-09,-0.25506514600277647,0.2650917909446666,0.0180099060068874,-1.3402083850310482,0.7755954534928179,-0.09940647812384357
2021-04-12,-0.28068653013969314,0.9718030379491077,0.004481421446267064,-0.0011699890068746332,0.4596231319104453,1.078020365520934
2021-04-13,-0.2891586622689099,0.26300445104151604,-0.003765947230234823,0.5092479844130853,0.8839983293196598,2.622324834996059
2021-04-14,-0.29957043052601806,0.9581839134930323,0.024927388666385164,-0.252757690534425,0.9438242736968441,0.8125685075475964
2021-04-15,-0.2833184047709452,1.0505650286822497,-0.0042755448132951734,1.0757056248263945,0.0715553982138607,0.48452424769168173
2021-04-16,-0.27848521037452845,-0.6345355873622464,-0.005711359143597355,2.3118311256428297,0.700951527744097,-0.7465178533990591
2021-04-19,-0.31398445156737104,-1.641052920646029,-0.01774943044578728,-0.9470628270939518,0.48849199672552523,-0.06706068210544841
2021-04-20,-0.3036762435093548,1.731883526954976,0.013960915692447423,-1.0220872459766968,-1.2728513222227564,0.09159525815810393
2021-04-21,-0.3152270212564678,0.43886447681787455,0.009682455923712918,-0.8777560655285767,-0.05223044294837215,-0.8935432391605199
2021-04-22,-0.28973807691764303,-1.5253496827422408,0.024178055361164463,1.6061991600164907,0.5054849001836499,-0.03315040004287637
2021-04-23,-0.30228982764638146,-0.5399766510681252,-0.01389523352218125,1.0423553170296844,0.32438537829198577,1.294277851167015
2021-04-26,-0.31502213330842616,0.9532481889576573,0.014581708074791089,-0.13552781779364848,0.0013682872354069398,0.894273570652934
2021-04-27,-0.30419950109233557,-0.0906635511478373,0.0007013551836612675,0.03655966440087428,0.7390997218116416,-0.09468390062501945
2021-04-28,-0.28894097144559683,-0.3295417186637257,0.008061002168001347,-0.8165436261967214,0.08511618411078734,-0.3923730919842775
2021-04-29,-0.2799789841668727,1.5742464431803247,-0.0164777714110447,0.8900271577431841,-0.13126391278976574,0.8407228685913021
2021-04-30,-0.3136909305145689,-0.8792997558836868,0.014680818226652986,-0.3799018241085537,0.4733988235750214,-0.08850132483221325
2021-05-03,-0.30293024171600386,-0.6099387994460925,0.00786516751331831,-0.2600765394549993,-0.6693844756072957,-0.8228707847526533
2021-05-04,-0.3236164027494918,0.3931446200778699,-0.0003891003478621591,0.6087897715292568,-0.4336150339899478,0.12623505707253857
2021-05-05,-0.31891088051772654,0.5846247737035773,0.006451126876611202,-0.18799493808322118,0.7542688187104588,0.4202852452446027
2021-05-06,-0.34738556922570774,0.6876895626513675,-0.007654953010422488,-0.2349659934978464,-0.0972211190769251,-1.116124074541095
2021-05-07,-0.3384591262748464,1.1196693861043716,-0.005794400855816978,0.010575205529075074,-0.9981716400516696,-0.5384822888643583
2021-05-10,-0.3545911043609939,0.4016540964464247,-0.004634446136253967,0.7953554137930766,0.020918430519228814,-0.5154496448078797
2021-05-11,-0.38024379736620434,0.7021386015550055,-0.01852727861690276,1.6464930754838332,0.48670690062824434,0.4501198405188234
2021-05-12,-0.3659673946365563,-0.03106298089536061,0.008617584942033685,0.585486232246082,1.0402183098818256,-0.09042984549179275
2021-05-13,-0.3611345042030213,0.28227874001864806,0.01191593614182565,0.803314223624267,1.0549788801781739,-0.031186901737540296
2021-05-14,-0.37341404023087926,0.32421488257544717,-0.007013441497638412,-0.19985406210112439,0.7564235552706904,0.9110420458883477
2021-05-17,-0.34439046325045797,0.43914655995756363,0.0034820301594482017,-0.707797863168717,0.1265057369055662,0.05939717588331522
2021-05-18,-0.35320351168185277,0.9791740855330355,-0.002655404746292389,0.6539862322351151,-0.08184553612871531,0.382160371936723
2021-05-19,-0.35256135820243406,0.7670677889539427,0.0032827396208103266,0.17124082460057136,1.3043178357932446,-0.7037398842426763
2021-05-20,-0.3471830892488621,0.2557538178216435,-0.006275772412110303,-1.4226286487497493,0.15617837681459307,-0.224456785434879
2021-05-21,-0.35957640793143436,-0.6008161313917226,-0.00883425156087636,-0.32806962342559803,-0.5103316225731344,0.523441764108805
2021-05-24,-0.3501536820634357,0.2834171028215702,0.010520748860237433,-0.08289702348155359,-0.9781477068588844,-0.07813728396758216
2021-05-25,-0.36082272900673024,0.1820744243423175,-0.0006387058512449251,-0.5104578670284787,0.8153524908975527,0.11330697185522626
2021-05-26,-0.3690554954510544,0.4096752172172365,0.02022108950853474,1.4817355945421273,0.08625975851864534,0.04735282035103361
2021-05-27,-0.34180264265498767,2.427958604411035,0.0004630996479413896,0.47983903690221674,0.4435785866681228,-0.43824629015445665
2021-05-28,-0.3626143637052363,-0.3186911929482428,-0.00926078040350492,1.3731749178886479,1.3547537386598105,1.0160416965252017
2021-05-31,-0.4108699703238261,0.6398576373485013,0.01226940876435939,0.26342526165215957,0.6448886821788603,-0.30413607599976733
2021-06-01,-0.3786512304235883,1.3149840494385938,0.006308001641460226,0.08138783642507771,0.2971612328529253,1.0410763324888619
2021-06-02,-0.32766467137144817,0.32519265235353584,0.007268728636964261,-0.9365978176102492,0.4264926710623354,0.9260253792732462
2021-06-03,-0.33577005668043475,2.534443921995034,0.011906006788679202,0.01192953319656672,-0.5372872433670595,0.7079754105376961
2021-06-04,-0.3745068174928385,-0.17657725772321586,-0.006527962938457976,0.013053925675440194,1.4436553424877905,-0.6544637697214456
2021-06-07,-0.3807164970167573,0.5487933128157502,-0.001272533089852923,-1.3671138840342332,-0.25852239616017064,0.15973060208429013
2021-06-08,-0.38644095601357076,-0.5703758466829276,-0.0017144983148779103,-0.5395274697703949,-0.5012861534687286,-0.2423685420709965
2021-06-09,-0.39023943283401585,-0.11966016153515069,-0.012907465369156157,-0.3232825985163624,-1.1694115487042804,-1.0026025751597674
2021-06-10,-0.4125071936724528,0.4830775700970674,-0.0026359015015824383,0.41347954405572146,-0.15083718140499885,-1.103251596169084
2021-06-11,-0.40091597082292324,1.0938083785112014,0.01336379457876824,0.46135011198570613,0.3124466436641214,0.3189638432731781
2021-06-14,-0.39042582331720155,0.5596444165173281,0.002373381037938438,-0.5813184819652049,0.569829289278426,0.5302104581833489
2021-06-15,-0.4203139357135877,1.493370343325057,-0.013460613278449884,0.46886960254188487,0.1506892925905718,-0.373321715745682
2021-06-16,-0.40633000107969,0.15722305083548085,-0.01555839411664936,-0.182078929348517,1.3089461583586128,0.47348334284580207
2021-06-17,-0.36527630144077217,-0.08837052919119137,0.016647760587482713,-2.8696200248549566,0.3525245056650329,0.8616077547052594
2021-06-18,-0.36183709479203097,2.9231508881438497,-0.0009031901025512989,-0.4847020319515423,-0.9203365423226919,1.064567780295527
2021-06-21,-0.36858359803340107,0.6113399063172493,-0.006474102057016207,1.0789886401423785,1.1523538201496921,-0.07266957892469844
2021-06-22,-0.3714236623215515,-0.498331387158507,-0.0027399176489699695,-1.6818057566276796,0.45349528421418966,1.1537078513079884
2021-06-23,-0.3591185269821803,-0.47140956485513796,-0.014773077543173363,0.11269120041554022,-1.4457880475086489,0.4903194324545121
2021-06-24,-0.39373195909232467,-0.7272087983420323,0.014230951495116217,1.585261214185287,-0.4880285312250849,-0.0626471555605792
2021-06-25,-0.3904441450327786,1.1728085313121828,-0.003930529375860303,-0.7606129530104807,0.27589321080843154,-0.9918831329919533
2021-06-28,-0.3982534240220348,-0.1301108058735747,0.01367401527738421,0.002149080427685861,-0.10671469092580738,0.051105270597246163
2021-06-29,-0.3612969237629139,0.3663145300697065,0.0005165171444731498,-1.3040162572279212,-0.017346360019749645,-0.0714112718531312
2021-06-30,-0.36478037843901306,0.1532694798194796,0.014295319745684432,1.627231141663572,-0.8170753722290321,-0.15405583017005678
2021-07-01,-0.3314226262166227,0.9503606350043424,0.0025669449904308084,-0.08333262699661428,-0.10281379278500047,-0.1013519393130291
2021-07-02,-0.35349744017226287,-0.6478905171540464,0.0085323266286908,0.04662684279401815,0.8558389230596284,0.33436158594420035
2021-07-05,-0.341752256836207,-0.8634738220396577,0.007190930460883316,1.3543004655056223,-0.5417317356452089,0.6204817616195217
2021-07-06,-0.3353642515603824,0.4293486612833185,0.006232910662519686,0.6614783946454811,-0.30597385344091826,-0.3499456097731467
2021-07-07,-0.35274519651767805,0.8021778356361264,0.003479344771827153,-0.8756287324967398,-0.06550060301060256,-0.5791262819554882
2021-07-08,-0.34919727422493924,0.5441794310082476,-0.002328507161155846,-0.6472779240873159,0.2642252853833234,0.6288363731389692
2021-07-09,-0.32494689748830724,-0.5999353645623641,0.019154346915728593,0.49493130452329864,0.7016762050347292,0.32874106839079653
2021-07-12,-0.3314227315740393,0.8724529805843781,-0.00906936985095902,-0.62412105506294,-0.3042306431232815,-0.29541402277401696
2021-07-13,-0.3652619845574345,-0.5450072881512107,4.307642343159834e-05,-2.117243312120527,0.0845426850104408,-0.25311631439525095
2021-07-14,-0.36561324108698345,-0.3023814540519226,0.00014885875207598653,-0.05324079863907779,-0.5863058599345677,-1.0079355983697185
2021-07-15,-0.38366170298283375,-0.7245855800698122,0.0040244075334351925,-1.4802126611248094,-1.0776969757337191,-0.24261526836208977
2021-07-16,-0.39050852175611134,1.531355370441731,-0.00429472645894502,1.616281753563726,0.029101124597126327,-0.6039916046393312
2021-07-19,-0.39214027714981375,0.867726654081016,0.0031474630558958605,0.1767876377631527,2.635447860069571,-0.33158466414449583
2021-07-20,-0.4262533214701242,0.8402775419687616,-0.0016884258520296624,-0.9051750567435755,-0.8498788005019559,2.1367116509134245
2021-07-21,-0.45856648825653773,1.5029634140245247,-0.015819525174378957,-0.6986324146624537,0.010261372745340835,-1.0761379319511475
2021-07-22,-0.4489251515460272,3.087789141192646,9.552286256842013e-05,-1.8893975878739204,0.11204869745689017,0.4284533887448046
2021-07-23,-0.4593795254694208,-1.4398710129825392,-0.011005653330301457,-1.0994618867805037,0.6510037924420742,1.3624468104147247
2021-07-26,-0.5106744123058321,-0.46274886559545564,-0.017343857624489034,1.0163232025406992,-1.3688841391526623,0.9393124488289462
2021-07-27,-0.49497753157366947,-0.30977043679102456,0.0013687332068938463,2.2317861454923915,0.5777327014591407,-0.6349211318773582
2021-07-28,-0.4895301364681846,-0.5538331034384911,0.004878833420195627,0.7263965131989585,0.6763411290301021,-0.4204614679973831
2021-07-29,-0.5038076329489143,-0.7838651657228018,0.005266980421045786,-0.09204253862102917,-0.4414009335775723,-0.5128837978871272
2021-07-30,-0.5301442371700792,0.002631515713982957,0.005671707070196985,-0.4319593756539166,-0.513378528931316,-0.44556143708442075
2021-08-02,-0.5134280792437924,-0.8985171729873573,-0.019325890209406116,-0.9564958135763623,0.0875042202029434,-0.6432207783674372
2021-08-03,-0.5064410667925838,0.6430992150836886,-0.013610169279074713,2.0597658993397405,-1.4220160636858055,-0.3923512462835549
2021-08-04,-0.4587890211389024,0.35556296150416494,0.01973521436813669,-0.1887487018643749,0.3165413557299285,-0.8356953019413589
2021-08-05,-0.45038524916440364,0.7563020774469967,-0.010472087600770397,2.1156298300625043,1.0945703496402701,0.08109535434705568
2021-08-06,-0.4426311863391634,0.7779596011368948,0.006108410311366941,1.393519509610061,0.9091101952047229,0.7836838259252993
2021-08-09,-0.4459697449413346,0.8685855652301745,-0.0068693762166584516,-1.7407964313462736,0.8745694846724793,-0.33357814383533224
2021-08-10,-0.42963422759731884,-0.10582708985908157,0.0007967273926756113,-0.6659523957592918,-0.4590909697427985,-0.01579000957721427
2021-08-11,-0.41713252357235575,2.3789239391920587,-0.006332542022735921,-0.6690451241738223,-0.047311464057184005,-0.3023941860777481
2021-08-12,-0.3920980234010519,0.4847106306255112,0.005615411546196436,-0.07984636410573946,1.808477899689825,-0.13858127487969424
2021-08-13,-0.40252448177379757,-1.6272259385841639,0.0013677411731669586,-0.060314253113753484,0.49848392792828117,1.9156692793084749
2021-08-16,-0.4112326312326768,-0.7608610567019389,-0.004482897736442337,2.996239095398143,-1.5952366208437199,0.36366572320204105
2021-08-17,-0.42081469465091637,-1.4937634102882096,-0.01050172119680709,-1.0772278744747588,0.12641371865597273,-1.6860103665553288
2021-08-18,-0.40499866022733655,0.26982344594185714,0.0026777419749250964,0.22896993566438997,-1.3786001119183993,0.30779499034724656
2021-08-19,-0.3750311714214019,0.12119397208306829,-0.012127187990425892,0.6165077424678032,0.08923258111100915,-0.2929718167168924
2021-08-20,-0.38420798128438793,-0.24340699504661667,0.0042748104212083915,-0.0015720044691961827,-0.5529722291521674,-0.03492215544688875
2021-08-23,-0.39270345584024974,2.241450901171147,0.026264849090368997,0.11018057778135802,0.2837000043791057,-0.976875507763996
2021-08-24,-0.38642191136285375,0.7846049475810606,0.013501700512620118,-1.0448088943065872,0.6229198458837399,1.1824978191586752
2021-08-25,-0.39133714136311176,0.9579515082640466,0.007183478868941606,0.10648619460268177,0.7289091518578839,-0.36161641750107126
2021-08-26,-0.37229606830031403,-0.6962712031242362,-0.0008560729774114706,0.5113989961743719,1.4359370407297423,0.7244724421856078
2021-08-27,-0.4173316141126949,-0.7757672503508238,-0.01938752627003526,0.3276005842711286,-0.2655477257477755,0.7662019857667451
2021-08-30,-0.43386571505103283,0.2872044675645717,-0.013222863959001852,0.5702009039120914,-0.037613893151091565,0.24098985283136304
2021-08-31,-0.44951404173026177,0.43332656868284547,0.012827928561027158,1.412607900636232,-0.25010727357598894,1.0071885025824068
2021-09-01,-0.4959211619779847,-1.5866031420762998,-0.007897560801247816,0.9369665419143417,1.0895777486477722,0.22443505017542603
2021-09-02,-0.5151939308653608,0.11724567433725672,-0.006992520981640438,0.07129461349743696,-0.6637627874212901,0.15511145066537774
2021-09-03,-0.5334970531822792,0.3231884413927213,-0.0016565047568402047,-1.171758351883278,-0.45884624646694794,0.364902110737196
2021-09-06,-0.5375191462726558,0.1049490661382386,-0.010620462588465551,-0.6000052747111194,-0.45387437047793483,-0.5851404809365983
2021-09-07,-0.5152598284394506,-0.4908789245830829,-0.012267687345516365,-0.21963115191741533,-0.42089853244506203,-0.10610865987790996
2021-09-08,-0.5201610414632646,-0.23037928485746967,-0.0005047407278142291,0.25234583134144734,-0.4990577633369244,-0.965254504409752
2021-09-09,-0.5407773158686877,0.13523743130516272,-0.008915294546720354,-0.4783327614993951,0.4569083353123687,-0.8445447299036675
2021-09-10,-0.5419164066929583,0.41526641313126034,-0.00741018579778896,-0.9357331991843516,-0.5165196074833873,0.23644075315227772
2021-09-13,-0.5209329342641313,0.9299414265663429,-0.007811910261470073,-1.188198689120337,0.6981768384148114,-0.011581798219001044
2021-09-14,-0.5404521105864294,1.3934159655093499,0.005223602138344691,-1.651177759055531,-0.6750616345169769,-0.707254796327953
2021-09-15,-0.5586636082648584,0.029923542824607796,-0.002321256904953606,-0.23495070377456886,0.8416084426433192,-0.00540531473224104
2021-09-16,-0.5474926290793739,-0.12095803115644282,-0.0017857196789385077,-1.469665442070305,-0.5857067404093671,-0.11293358676948478
2021-09-17,-0.55192335139399,0.7661512509819306,0.0059694589730888425,-1.0005256841573922,-0.6495481857461374,0.5042447762184847
2021-09-20,-0.5389736575798004,0.9419989272472482,-0.0014203960823294115,-0.3939018728443025,-0.2627684208146831,-0.5034753408804667
2021-09-21,-0.5392465934157064,-0.11081623871100532,-0.0027825376845717342,-1.3359173093914338,0.14336521640890246,-0.7924191510965988
2021-09-22,-0.525213320453915,1.1139414330155961,0.004704503555701733,0.37975218849869696,-0.18952254375900068,0.10999708215955747
2021-09-23,-0.5459148827347278,1.294713333428322,0.006681978435576302,0.7402230636056872,1.4579502292163107,-0.6350261453387855
2021-09-24,-0.5461565757504931,1.6192353952995098,-0.0014707349950860427,-0.5494270197753985,1.5401195957009675,1.4174446880072153
2021-09-27,-0.5503703760377563,2.1060148521701185,0.0008060777562052257,-0.43702730761000175,0.3894233170993444,0.6933719425852952
2021-09-28,-0.5746881945198389,-0.5361939130367852,-0.007817902297333285,0.5374297701390774,0.9698828937448094,0.08423451883873272
2021-09-29,-0.6059577534772126,0.3587111260444145,-0.008606830431645257,-0.713995097234679,-0.4439221619700811,0.791527913543769
2021-09-30,-0.5922427727717193,0.3748523487049877,0.007691475019668076,-0.7827339115972951,-0.6043630028482118,-0.8027334364067124
2021-10-01,-0.599261820416079,0.257272095130524,0.004449420625446232,1.1964984781862904,-0.7013998922802522,-1.0454555444788038
2021-10-04,-0.6197074260490255,-0.2897058273604888,0.004552984384165765,0.8841877387127871,0.39075622785361397,-0.07061900386113135
2021-10-05,-0.6216310047874922,-1.1137375476016562,0.002808543487255233,0.6015500023439195,0.3349598234999754,-0.4839621222711591
2021-10-06,-0.5990706276405061,0.46565804890149914,0.0004620327581495165,0.9256446213940929,-1.2707904574237627,-0.509274171674685
2021-10-07,-0.6446853845479446,-0.40891328296360885,0.006964118908227707,-1.977278725367363,0.5807525847641805,-0.06980208710816072
2021-10-08,-0.6746181583460111,0.4728047114763917,0.00935108761022782,1.3538355467931074,-0.23721695952654243,0.5763771291342452
2021-10-11,-0.6930758871839164,-0.3892726466912467,0.00911228005190648,0.3920621165837422,1.3409813446649697,-0.8590453572586909
2021-10-12,-0.6638523098495098,-0.6838128135339916,-0.0010077791594598762,1.010781384005735,-0.32759818869239105,0.23195997933443457
2021-10-13,-0.6582005701911239,0.6326097462866036,0.013869927299088397,0.3871617791163626,-0.6332966237905229,-0.689658118479368
2021-10-14,-0.6428542253818994,0.5458418689211703,0.002284606817323176,0.048924824680156194,0.7007824042744222,0.7808080981186128
2021-10-15,-0.6656574437644239,0.9649945065500726,0.006323761925657978,-0.2753092123620546,-0.862062282581376,0.858958338465855
2021-10-18,-0.6880481612698346,2.5852582326762796,0.0028208789083488117,0.36714437688620544,0.92813600831675,-0.6404349347647835
2021-10-19,-0.6790918869353803,0.6901184279727476,0.002470067074841764,-0.3117479089045521,1.334590266728699,0.7633780173486331
2021-10-20,-0.6779264003166714,0.8925368992253577,-0.007357519902503218,0.8678761000651124,1.1368564743857579,-0.21314609153058295
2021-10-21,-0.6669516239393889,-0.6708054886773225,0.007013508383448275,-1.5864566445522004,-0.06932283302705644,0.10799772275989539
2021-10-22,-0.6707050437579579,-0.8867364661727413,0.02845294394907638,-0.5415758617942777,-0.5131195455263757,0.03172268470295635
2021-10-25,-0.6651421692288654,1.9852524730281085,-0.0037479507479007967,2.0448232484766464,-0.7081489436961464,0.040434654000678666
2021-10-26,-0.6619797875307631,-0.5243944783959844,0.0007099471542494351,-0.6260804635723924,1.6535661533533956,-0.37714249997133237
2021-10-27,-0.6464244397490646,-0.6467561989501842,-0.004462052643472603,-0.23868372306347801,-1.1986755424573916,0.8929128754375636
2021-10-28,-0.6302842741101752,0.3487557426328858,-0.004880199015619369,-0.8825809333500763,-0.12076465119835028,-0.4924021181339505
2021-10-29,-0.6626817139980107,0.2879781510887167,0.015444494781186757,0.3358456728858239,0.1580755745717995,-0.15249053425264805
2021-11-01,-0.7076270851048276,-0.5048974780444853,-0.006729710177274695,-0.7362648901421949,1.169427185976947,-0.10655334675722644
2021-11-02,-0.6875921771517975,0.11960303234979658,-0.004740804733663562,-0.1856109348070501,-0.038296215214468354,0.2704833100829557
2021-11-03,-0.6638376752865588,1.6419310239411828,-0.01587492823731307,0.8488665360350706,-0.3134094352789717,0.12192920833064208
2021-11-04,-0.6842501356768256,-0.4076910036598623,-0.0075761172454224535,-0.6987634188148159,0.6571585931557632,0.10545510764413643
2021-11-05,-0.7214468438077382,-0.9831224029600762,-0.017083998929533495,0.7886111192652209,-1.1723590645882447,0.4147368673113938
2021-11-08,-0.7194661473875941,1.3754617271844352,0.006318046992119297,0.8222293155603565,0.5582225838721586,-1.234719809065346
2021-11-09,-0.7008493828605835,0.9239766003705931,0.027996972218373106,1.0549560947192937,0.6224102479985671,-0.3481565479434412
2021-11-10,-0.6648974924118971,-0.2000089909323115,-0.0036667879365052114,0.14054099491804029,1.6259810866563034,0.5194136951681956
2021-11-11,-0.6545715409698681,-1.1832285206797797,-0.01666757932990237,3.2412590769767857,0.2271470145976056,1.614695469397863
2021-11-12,-0.662005874901582,-0.35188043185664225,0.008999996644297292,1.054533696542082,0.8687407748668531,0.19366543350417564
2021-11-15,-0.6798684873332792,0.3424990880916779,-0.00726924958930153,0.32487762440682655,0.08743883260939184,0.1439323012038874
2021-11-16,-0.6796394614998661,1.5735931822837865,0.01299346930553541,-0.8759244140817352,0.6342370493029842,0.17395174793989165
2021-11-17,-0.6856247555775713,-0.6287982979697373,-0.0028202904778994453,-0.09705912587414098,0.42651066921400765,-0.39668618132171424
2021-11-18,-0.7059261136921475,0.32685497183506934,-0.00631815689082782,1.426326976900034,-0.5339314042772696,0.9772956950681815
2021-11-19,-0.6649510006748818,1.0987003281101866,-0.0017795755574568362,1.7095346156262687,1.0811145828582784,-0.12831264521995434
2021-11-22,-0.6292476326334392,-1.9822967397169915,0.007577767609361852,1.4783291004402292,1.1592825086277871,0.08482723435989636
2021-11-23,-0.6065266589623306,1.4113347475189633,-0.0022742063075565366,0.7851923067296196,-0.7995179917190545,0.4215998492267792
2021-11-24,-0.6249436669185131,-0.8185345768290391,-0.0049672470279370495,-1.255660206295572,1.3219310144644636,-0.676004835511744
2021-11-25,-0.6078432804325676,0.7069616936080425,-0.001988316029788717,0.4871618178256701,-0.9442064606392979,1.381870942599109
2021-11-26,-0.5950507522426096,0.6113891178702846,-0.012718551845008863,-1.2414023780529977,0.7913104057048105,-0.5462369609559196
2021-11-29,-0.5861998397585285,1.4416168428094107,0.0039703160229397905,-1.4874711933807585,-0.4183928162720867,0.4493091302365204
2021-11-30,-0.5612065344176529,0.9026442847486574,-0.01786726593844909,0.23915868457723857,-0.48255627384157873,0.15595910666833604
2021-12-01,-0.5484991115604274,-2.040566571079389,-0.0044412145436551476,0.5231994472697504,1.415713692269244,-0.6616102854874357
2021-12-02,-0.5336988268343407,-0.45567978021973493,0.007593852088307429,0.9033770984808047,-0.043057981031542125,0.753296841202254
2021-12-03,-0.5209607011668964,0.4584244254538845,0.0030304828293271635,0.49713624038609394,0.5740710655503385,0.14528525017233193
2021-12-06,-0.5141448730068544,0.11759653458035091,0.005903205729863886,0.5315859857427483,0.23643952182073547,-0.6741153131147202
2021-12-07,-0.5498170956011381,0.786097653560883,-0.000650456727188109,-0.9846525849923764,0.12218281985553667,0.2580156780858969
2021-12-08,-0.5481446740529269,1.1192568130303882,0.011697461809855203,-0.10497668468466637,0.6921224774506824,0.027525029969108
2021-12-09,-0.5592685132299094,0.9373385408614352,0.009246991967697904,-1.5071167856344878,0.34052757683946444,0.3894348901224051
2021-12-10,-0.5848653323827098,0.12128616538348042,0.004461410042476743,-2.0033691294001956,-0.44694622345376983,0.17461523767209894
2021-12-13,-0.5512289999966933,-1.4954178116908545,0.009275457773135432,0.7406427098430741,0.1981868663401979,-0.04562387678414723
2021-12-14,-0.5166490931789792,-0.12474384885680134,0.007504235544035731,-0.7531243937909587,-0.47395223970239075,0.8915900252587837
2021-12-15,-0.489464681173067,0.7263576040463426,-0.004394635133468883,0.8724985021430535,0.5233736196440792,-0.9209829551171415
2021-12-16,-0.48436041283594955,-0.7967684438466374,-0.013438989116913325,1.1083475778800387,0.015233518198602414,0.03022672753958361
2021-12-17,-0.45734791041689643,0.9218909778231461,0.004203621258426216,-0.6193173246231977,0.30272886008090705,0.40682626056707294
2021-12-20,-0.4571068468048599,1.1828020435174422,0.005460892308314258,0.5903110945552991,1.2447281619355275,0.42478350767315476
2021-12-21,-0.45305090126690434,0.40113108437875855,0.01090471991138564,-0.6611567286136416,0.8436619182877996,0.8357710048762379
2021-12-22,-0.474920328676144,-2.7919493255522534,-0.009363212750452932,-1.845878874626824,-0.1942611276974812,2.0317941926335124
2021-12-23,-0.4669805025861672,-0.993136165506117,-0.00906431059277163,0.1233094044424584,-2.7149307554526505,0.28106380700615696
2021-12-24,-0.46577278401767885,2.166377460107782,0.004599002663077667,-0.4708738797157607,0.09111824241641253,-0.5431561622006778
2021-12-27,-0.49182582635436817,-0.2670741226177707,-0.0007116698885308304,-0.44008901058713173,0.5070558436694115,-0.1432400262241194
2021-12-28,-0.49284976859070007,-1.689047727316375,-0.018857616105711295,1.9753431178455254,-0.355597244439809,-0.36757229468713404
2021-12-29,-0.49444435986783625,1.5309572494646924,0.003751081637541953,-1.5258569827326718,-0.6718512573828423,-0.34860921753809443
2021-12-30,-0.45849313653494345,0.3100222074643746,-0.01852422914988955,0.38287113537147105,0.9279258468562804,0.12484303698376342
2021-12-31,-0.44060886996467524,1.3800363708786916,-0.009452565518733774,-0.9948072371447515,0.8867275377348797,0.6616633439828314
2022-01-03,-0.4403799611828459,0.5413239971981705,0.013516813728601057,0.9082614092673243,0.27074564722991284,0.6409782143400238
2022-01-04,-0.4354042149868242,0.7227871129218764,0.018248790178071184,0.2984312361750658,0.05405632485693079,-0.006771090824815876
2022-01-05,-0.43451996742474025,0.6242517767066111,-0.012156563684719623,0.3793443491806136,1.252774619670861,-0.19995622510216635
2022-01-06,-0.4385782471206512,0.9582002923758441,-0.0032939153741269322,-0.9448896176022599,0.2863724015553988,0.4558342322759208
2022-01-07,-0.46022679106841696,2.540577396828489,0.00042622523078705843,-0.7655879132883234,-0.4551050903671571,0.5635528507990571
2022-01-10,-0.4632478286205555,1.2471424106002382,0.01781226927581564,0.9272505073458861,0.08200635225040509,0.29963916623703013
2022-01-11,-0.47816979375360574,-1.3023906206732017,-0.004928689478243986,1.7707977217275628,0.6716167098608222,-0.5668421312900543
2022-01-12,-0.5031761045320687,0.7335633915310669,-0.004768840230332805,0.48030781722418714,-0.6648516021278008,0.7596330550962396
2022-01-13,-0.49295166824111797,1.4433864308224589,0.015487255584628656,-0.8974207207714328,0.24601579755032282,-0.6896159594112481
2022-01-14,-0.48512637504245326,1.4984718074808168,-0.0037478915271825786,0.33893852246206824,0.7334986418824141,0.39206010000227726
2022-01-17,-0.5208605252698149,-0.13552915803362758,0.0072220170896645786,2.4274720443376094,0.7017574074130076,0.21489494336959347
2022-01-18,-0.5233142180197173,1.4774607603500165,-0.014771429651124268,0.1024228107189117,1.0799465623169306,1.2552639628792441
2022-01-19,-0.5034001903017189,1.2417309303630355,-0.0017123274409232558,1.4618408593935994,0.4201987798233564,0.23513117565393143
2022-01-20,-0.48221571552379244,2.8745575511507613,-0.016595968383264048,-0.740329365838712,1.233754913225736,0.29625655545738033
2022-01-21,-0.4616989786660877,-0.46067230693423605,-0.01055433780955703,-0.04208605163638678,2.1010837420506294,0.9191456054872378
2022-01-24,-0.46092071452805855,-0.2303811892007726,0.008392013551522609,0.6195652061255426,-0.4263924036501002,0.421112373849054
2022-01-25,-0.47782162108744153,-0.029566619743118805,-0.000499053910867131,0.3973283082628641,0.32168390531679303,-0.23559081489871223
2022-01-26,-0.4994955976346027,-0.20352917738631038,-0.003191057405529746,-0.7663886801111608,-0.6360979962351762,-0.015193173381325503
2022-01-27,-0.49260349953959554,-0.5903233911828414,-0.007487496239809155,-0.8095174571305996,0.35158328429755564,-0.5945321883494132
2022-01-28,-0.4850178988522923,-2.467113405949986,-0.002206560732412849,0.9882844031026585,-0.8585293101377521,-0.1056213229560437
2022-01-31,-0.45927127662019096,-0.14368873441175872,0.0030111316710069724,1.191550812650145,-0.31522236565262185,0.2808705693200882
2022-02-01,-0.43727168361334934,0.6449208256720189,0.00982916206461762,1.51214355812192,0.34252384175500217,-0.5009805053998798
2022-02-02,-0.4399162567439728,-0.23085883533790108,-0.02625146684096802,1.8039304832528678,1.2340108580964828,0.4939804583927144
2022-02-03,-0.4648003743211902,2.1993309375754935,-0.0083176117426281,0.13461943632259646,0.9445977378570822,0.7440618873621039
2022-02-04,-0.4711825062614081,0.2922560373085767,0.001590962421890052,-0.3111992442315934,0.9194176335081364,-0.4131190874294185
2022-02-07,-0.4668378823651977,1.5737385589409802,-0.0009886311596228325,1.3509909387784689,0.5651062553197885,0.7252395981345261
2022-02-08,-0.47087954727298575,0.5415231421490869,0.004033762425267234,0.7130692818515867,0.9482505117118949,-0.5938101109607117
2022-02-09,-0.4824374294345388,1.1089350382570493,0.0026754028612655523,-0.9824552586675914,0.9446598044810628,0.8035678271694487
2022-02-10,-0.4773797331351408,0.5687040115942855,-0.0030486786299340762,-1.0336356655189114,-0.03240710269419725,0.1207819261379694
2022-02-11,-0.487458887963353,1.6552124717846473,-0.005268531959871758,0.4919302013563091,0.046479334763987884,-0.009562844258517438
2022-02-14,-0.5000202096378605,0.3484146829104125,-0.0024550148973550012,-0.17727466148399962,0.7924672116687366,-0.7556522691320088
2022-02-15,-0.49379115295179177,0.796132833871502,0.011487423498227428,-0.02642995474069754,0.12670490462694267,0.4300396394138211
2022-02-16,-0.5018310045543758,0.6626076254211188,-0.007320079329057122,1.0725333647101947,-0.150588920275618,0.6131874578644959
2022-02-17,-0.49694891677480874,0.012813144605306637,-0.0006280672314395441,0.7590371449850357,0.8875418779885026,-0.5519442709376006
2022-02-18,-0.4914848363177663,0.703151668989562,0.0018334221399842199,1.3298732484184317,0.32991932397774354,0.035093593408419554
2022-02-21,-0.5142734163395978,2.5292771479883416,0.0156035092987446,-1.9315361063733665,0.6132599366564855,0.4212363099304782
2022-02-22,-0.523898238816906,0.03816710770831666,-0.00300308258236312,0.2533979172212008,0.4650601748916714,0.563737965683582
2022-02-23,-0.49514270001857685,0.7338038361433918,0.009588066560109604,0.6946885223972068,0.19212601161621698,-1.2512305003438517
2022-02-24,-0.5183842902732626,1.5548645708805888,0.012319794032650239,-1.526585856687684,0.3356978756233136,1.2957005234969614
2022-02-25,-0.5607173792526732,1.4512838551082379,-0.0006375426499065084,-0.6548956413099721,0.10529507486841906,0.4681961341594899
2022-02-28,-0.5979542823175235,0.3481468452709692,-0.0021071897907676274,-0.840485162328919,-0.03539636120753531,0.4655339811625655
2022-03-01,-0.5973720833859901,-2.0246161335668478,-0.0032905367204821567,0.021698171059916185,1.0105546143894486,-0.10205263054060104
2022-03-02,-0.5967537378253361,0.8751260686800604,-0.002558231342425832,1.6278539686940638,-0.4747016251925952,-0.658462528656095
2022-03-03,-0.5991059549338386,-1.861422015927851,0.008542398605768359,2.0225894046649007,1.2242645136172867,0.19121750541347615
2022-03-04,-0.5748221583552685,1.8294008039015341,0.002310099772555141,-0.8142875530732823,0.46361374823765455,0.21180621418924733
2022-03-07,-0.6282788470173273,0.5143671662064216,0.002352897091698669,0.5265572504935742,-0.3980781380387043,0.5349852032169484
2022-03-08,-0.6203601695287108,1.3766413280823855,-0.011252235103798358,0.5587978521423151,-0.8103403556845961,-0.3104158042750542
2022-03-09,-0.5891314054926394,-0.5298950364638246,-0.009674900773752354,0.38762577151474775,0.7129001431506753,-0.2218295325882418
2022-03-10,-0.6116870207904737,-1.1990286300044706,0.021434468247769817,0.39897963473923403,-0.8025549519582073,-0.14419276442774287
2022-03-11,-0.6192831510262715,0.6277665966154513,-0.0017782572528868834,0.30374250245132806,-0.561127693562832,0.1574836372261657
2022-03-14,-0.6343409893708439,0.33796645065962094,-0.007747719955783605,1.6875701208064198,0.5446389600600372,-0.9655348857778776
2022-03-15,-0.6522279102923945,-0.11093623253465934,0.014310991655893002,1.1024665143680576,1.303685045646818,1.5924291872305305
2022-03-16,-0.6587531503928553,0.4759980269082005,0.002818085486835542,-1.0601538975982672,-0.18593781864444847,1.9294274515332754
2022-03-17,-0.6302034447191652,3.162687782267973,0.005781549168645206,0.7957210808805493,0.018046094991597122,0.8959477328899045
2022-03-18,-0.5934557112094148,1.212647614200557,-0.0013804707528153881,0.8923733745114522,1.907672595708373,0.7734081342109247
2022-03-21,-0.6001744957102177,1.4055720325889678,-0.0031867309057680426,0.3149672871517889,1.1387622766219951,0.8077236531285834
2022-03-22,-0.5620732914289284,1.2040415889794862,-0.0016958637249728792,1.1314243705027294,0.5684728145525549,1.2123710479282228
2022-03-23,-0.5613617618892358,1.81670611870955,-0.013827381702986252,0.18807403429903718,1.7452020933501644,0.1981068675829731
2022-03-24,-0.5262879413552143,0.1467453842327966,-0.0008792740941989952,0.20046772107625074,0.9313195897420349,-0.1467695833396101
2022-03-25,-0.5281539143482841,-1.7389885428621652,0.002960330770426206,0.1212405446770433,1.0365026777878872,1.3210146638023283
2022-03-28,-0.5255327578273612,0.12830621560296063,0.01850463233843752,-2.018244085799669,-1.2164561626296369,1.1437208827580525
2022-03-29,-0.5182232683745045,1.1270553646929184,0.0008599906500521559,-0.080398393905874,-0.37084275730948263,-0.5662087377765979
2022-03-30,-0.4546461947871538,-0.6588664340903709,-0.02334177042210303,-0.6682505744545707,0.5070854742053766,-0.9019897951879573
2022-03-31,-0.43762048329025804,0.0964217663829619,-0.0009398543278461846,-1.1864479781925572,-0.76034665796538,-0.12353194255496475
2022-04-01,-0.4517657738892873,-0.42919745302815826,0.02739504133108306,1.4340182847395226,-0.11721316897839962,-1.434843347016927
2022-04-04,-0.43238581648377017,1.7730887161767028,0.008663662349850387,0.5042075185344578,0.20913989148858134,0.5143025855305065
2022-04-05,-0.439622467225457,1.008888505296826,-0.008108889438085909,-0.029831080944547807,-0.23453679067720468,-0.8678724289486465
2022-04-06,-0.44941747088348116,0.9153141009792332,0.005911065144305561,-0.5648033511024263,-1.0363231426116049,0.0665569662832637
2022-04-07,-0.431245443685639,0.8912517956510599,-0.00742013424889737,0.2961695846287402,0.8655141233592448,-0.972561422843035
2022-04-08,-0.4306237319302159,0.22149801365925645,-0.013538075195468624,0.9914360933175131,1.1809962801601657,-0.4665407114880258
2022-04-11,-0.42505221363997986,0.45593052168563303,-0.0034836936323407452,-0.8269658435469408,1.4487678770099377,0.6744613820392176
2022-04-12,-0.42477250920267395,-0.9301532523483297,0.0009152643923886483,-0.0048283722766100075,-0.11564662327568911,0.45166591346725316
2022-04-13,-0.41804084667056524,-1.9315784732289631,-0.01872155502433398,0.8680664988511725,-1.1143704841734567,0.4508724827811605
2022-04-14,-0.40954152872184224,0.4009056383473632,-0.011491592905386372,-1.93600112908413,-0.8280799790817966,-1.2620298791152798
2022-04-15,-0.4482808673759506,0.5697151735052497,0.00010335563182356511,-0.05756976240540404,-0.5738518412866142,-0.8270247778711018
2022-04-18,-0.4349494140037599,1.4782330888509478,-0.004081731759889545,-0.4292913705475386,-0.24513690822370732,-1.690818653673511
2022-04-19,-0.45458980240036595,1.8323054644846235,0.003948112711460894,-0.13382985775503398,1.391718364382939,-1.420919618097422
2022-04-20,-0.4834357851115542,1.8427523664391663,-0.012146683273085629,-0.501628556371903,1.9811477094341998,1.70518870995943
2022-04-21,-0.4846040099887279,-0.7079621222269452,0.007141137485533022,0.1376246052072956,0.961049544849349,2.1416754157051914
2022-04-22,-0.48292438992243875,-0.06150262895653258,-0.011837590970601941,1.923627220422718,-0.308007097361578,0.4881080183165788
2022-04-25,-0.49679451321388435,0.7700889298348428,0.01642734301937629,-0.323922473928551,0.09335842569926478,-0.632900453356617
2022-04-26,-0.48017387606052486,2.829981385670508,-0.017157582843783187,0.29171100909410663,1.025141146132846,-0.13705806372939502
2022-04-27,-0.507017379387943,1.768203529350231,-0.010925542703834112,1.9947464184091128,1.5747567048032327,0.9854580372515991
2022-04-28,-0.5151562543633942,1.423607589631146,0.004173708030318274,-0.5500155783725553,1.5322708579803197,0.4000071052682271
2022-04-29,-0.5268537370620542,-0.07869420293125406,0.016642332514976377,1.814675348928969,0.7291069449926694,0.8321022063161574
2022-05-02,-0.527785482468841,-0.567087388917892,0.003150430361161749,0.005323006627107235,0.39491938602046334,0.32044449495795146
2022-05-03,-0.5222081967758962,1.105579172864544,0.005628579201823913,1.7818962258649262,-0.20298420549270096,-0.16357387834050624
2022-05-04,-0.5423660557683672,-0.7873363461688223,0.00017536901673056993,0.7502011249463191,0.545259780463761,-0.4070585400668381
2022-05-05,-0.5278804022192426,0.08698328248071763,-0.010263984541151933,0.3071083625824217,0.4516444452808807,0.4213594242199974
2022-05-06,-0.5266203548525487,0.20195029232962292,-0.004901383482393801,-0.06563068188658654,0.11418207641051005,-0.3828928814560685
2022-05-09,-0.5644592799187869,1.9088843020343371,-0.012119097199812745,-0.6240414398792106,0.6510441083648372,0.3224195417588392
2022-05-10,-0.6036311087267275,-0.016021735008405424,-0.012787099677768726,0.07579154996435276,0.6027870710999564,0.010022472974667573
2022-05-11,-0.6038774945853137,-2.077070973336579,0.004017489193197471,0.8973614590200242,-0.04942983107039462,0.34767456478391856
2022-05-12,-0.6082968409410409,0.8667711444136565,-0.01123177982087964,-0.013111430996670575,-1.2895857471095893,0.8081341157194577
2022-05-13,-0.6103652432125335,-0.3340437485393019,0.003195540067233632,-0.3166228050618577,0.8092247330751909,-0.6812288133354867
2022-05-16,-0.6109248923431378,0.4088501703652669,-0.01301822752221099,-0.2507825341777729,-0.7349605072522036,0.9160337339990313
2022-05-17,-0.6064136955529342,0.279850234563759,0.0029638302011675277,0.9924766135830533,-0.13814045306791994,-1.4059519417937887
2022-05-18,-0.5874607033559682,0.09014422151399226,-0.004886825689629615,1.2251614550998557,0.5335338874997059,-0.3443810120649208
2022-05-19,-0.6096828013743194,1.1428170037982848,0.01406615533650643,-0.6671505137683704,0.596637933701967,0.25670342202051133
2022-05-20,-0.6331222332323353,-1.1670551975281156,0.003237188955790671,-0.6685878574474897,-0.5499662214239742,1.4224854776897606
2022-05-23,-0.654988710390083,-0.13714088501495908,0.012357828929941417,0.3793589196671123,-0.9621458278861099,-1.4234560495967226
2022-05-24,-0.6492103770467088,1.0770311393514311,-0.007556467164251929,1.5275320647572548,0.4817593913679593,-0.4906915396844156
2022-05-25,-0.6243114294737799,-0.22455854911634293,0.0005614334024416634,1.14599030831256,0.9640667269956487,1.0908050366653395
2022-05-26,-0.6329382182385702,-1.234219851585704,-0.009810871581162783,-1.2518522121799116,0.23148403151091618,-0.03718221601208127
2022-05-27,-0.6829722151217632,1.048318274199878,-0.004136052427444192,-0.2640759699918621,-1.0364793552227207,-0.023535472075489866
2022-05-30,-0.7170520723739707,1.532877959514597,-0.002621042227446274,-0.9306035546895123,0.35260527135534575,-0.26737231881690066
2022-05-31,-0.7337128068298909,0.38523603578137605,-0.0072585822068713945,-0.26751252191525826,-0.12230100904054192,0.2693775043435737
2022-06-01,-0.7448673845797953,-1.520617914371598,-0.012155028588456962,1.6044099960353544,0.06665363462289856,0.8844268312044046
2022-06-02,-0.7530351571248898,1.1528901774466933,-0.014135173236526521,-1.4226006487830172,0.3763140515692294,0.2990784216242434
2022-06-03,-0.7522635346652714,-1.2080667871447541,-0.023397481157073977,-1.6188652932801901,-0.5218296529999426,0.9660050605146847
2022-06-06,-0.7584984612817204,0.7601573976473286,-0.010563464635034575,-0.8285541534336024,-1.4430610075983201,-0.450828358235921
2022-06-07,-0.7375116690708522,-0.43236474797312757,0.006274938966718435,0.2873106025759928,-0.6491778688644375,-1.0936927001694219
2022-06-08,-0.7510320151844796,-0.717332284324454,-0.01598498532013283,0.6207548206407568,0.36626380289849547,-0.42756395680077813
2022-06-09,-0.7682783743739904,0.00870919203099757,-0.013681228462533043,0.4374484348615332,-0.15466083563484814,-0.5306431447162381
2022-06-10,-0.7587008636035811,0.27766946819713434,0.017908985712329156,1.1756854032310164,-0.2505613424388594,0.2205096416903754
2022-06-13,-0.7894137050021035,-0.1889877322242996,-0.00636496049848255,-1.7630855942339292,0.6511373269238026,-0.3442794717506341
2022-06-14,-0.7816198708957035,1.0623515012164129,0.003210460091648354,1.188336538358937,-1.3961555155397491,-0.11006154287077402
2022-06-15,-0.7795688072211782,0.022902544078588327,0.006423171465004929,-0.3120953200462915,0.4878531120720334,-0.32907493622028605
2022-06-16,-0.7825176570195416,1.4479321560045288,0.0066252612978128095,0.7314943098048676,-0.8424904828776182,-0.46669556635215803
2022-06-17,-0.7507521348765563,0.7506837598552043,-0.0152231423060806,-1.3234254267632044,0.48510113458501314,0.08318061101854846
2022-06-20,-0.7631962837824507,-0.24710592567037426,-0.002310596798994896,0.004956697009070176,0.5266280796115673,-0.06870692253156058
2022-06-21,-0.7219903203719692,-0.4080221135628155,-0.016182272695183936,0.23627077058901358,-0.4926963923646812,0.9324405022817157
2022-06-22,-0.7264989493565311,-1.2143021068242572,0.02446317858910324,1.1557510374984181,0.12291663374023865,-0.4573559235018469
2022-06-23,-0.7520392782559356,0.7266325474807411,-0.015948752640156008,-1.5852546226077653,-0.5678560301992774,0.43445828511786183
2022-06-24,-0.7506408866360391,0.09663601970220326,-0.010478402188698208,0.03075254853490416,0.11632025115560496,-0.14779778932593132
2022-06-27,-0.7721657906424144,-1.921810996081891,-0.010406008548415044,-1.085235291142143,-0.4572065969926413,0.4986852372487143
2022-06-28,-0.7872009075986844,-0.0724153983839515,-0.014966604767228803,0.5054960442082751,-1.378529171273534,-0.13977483335811222
2022-06-29,-0.7792602415983746,-0.4287134846957414,0.013525939097565456,0.7772165364561262,0.18929457086128418,-1.6183765744790366
2022-06-30,-0.768148599825372,2.043233737129685,0.024224479010834965,1.2871702425080878,1.255942559017707,0.6904586804328572
2022-07-01,-0.7805919538304572,-1.2418894519980865,-0.00475749119312617,-0.5350294543083745,1.8557553912874298,0.5125643980832237
2022-07-04,-0.7608438509295291,-0.9729956274357795,-0.0132042314684441,0.9272264856887904,-1.1241411711837794,1.3087995724922312
2022-07-05,-0.7376936957691065,1.5664759536634172,-0.022369254987260216,1.3609015874770531,0.22549001502494553,-0.09171564091138684
2022-07-06,-0.7089676606378407,1.799379374925427,-0.0024410871852210136,-1.6432469698554668,2.392724577624601,-0.3625073818455795
2022-07-07,-0.6983793924953262,-0.3196023423429371,-0.003163654231614438,0.6123449200984505,-0.5791379222177988,0.5278488168258922
2022-07-08,-0.6711108182536123,-0.21305818731171516,-0.006512961263601444,0.958511253780106,-0.336836550572018,0.1326009958713929
2022-07-11,-0.7087267868130934,1.0189018875054803,0.002213752539762283,-0.2587263863874374,0.15747753203005363,-0.33352586540371637
2022-07-12,-0.7150849177856626,-1.9018637248574541,0.003951731428154866,-1.2107735775251085,0.19546238724770926,0.6327224570934222
2022-07-13,-0.7324250229121312,-1.4321427338341586,0.003230832579379013,0.9429557561096632,-1.600955516841779,-0.018962491456344793
2022-07-14,-0.7300405056895833,0.15872161289656683,-0.0031612487196848726,-1.1995088275577568,-0.989819677841389,-0.10638411610982779
2022-07-15,-0.741469490073518,1.9879148695428759,-0.011016218295742619,-0.17835143451090235,0.30250455197400045,-0.19143616450316403
2022-07-18,-0.7447926469125128,0.009151605877371238,0.006658330978067159,-0.040124057803329026,0.21036418711286187,0.3089120446167893
2022-07-19,-0.7071491493084318,0.5478123798826623,0.00012513759421529935,0.7155380517039994,-0.11488509048261832,-0.1297428350433768
2022-07-20,-0.7105435452368394,1.558078762149071,0.0088835752483465,-0.6266315595125326,1.0850342057967,0.08775827771973171
2022-07-21,-0.7022676988930351,2.5332108604202497,0.007900755494722314,-0.684583688827855,0.5133318699748608,1.2039770215801404
2022-07-22,-0.7069130854915199,-0.15548785381249153,-0.01421762069047116,0.09891547876311091,0.5057399438021022,0.19847006629069552
2022-07-25,-0.7053988197323833,0.40731112756148585,-0.014342222074576031,1.0063904776197492,-0.7101453369395635,0.5462876409212591
2022-07-26,-0.7052784861236618,2.2452945131822726,-0.007555407187405282,2.287450000653147,0.4869468706076102,-0.2917493558729799
2022-07-27,-0.6963120048041986,-1.0990321835172314,-0.010562654082906681,-1.5074811997787745,1.6548098073047894,0.29388851742067773
2022-07-28,-0.6730058540932551,1.445368273436341,0.007552517759761009,0.3153420177865781,-1.052159647974858,1.7787108674501342
2022-07-29,-0.6400579741411885,-0.6145120199053052,0.0035130967598791755,-1.0865350262342919,0.14492657374583995,0.24756617703504447
2022-08-01,-0.6338655725030051,0.4865071515878698,0.010991839937853111,1.0188112432067427,-0.3330863966746302,0.11285924730305899
2022-08-02,-0.6220746347822931,0.1377002961015288,0.003964868174109185,-0.938544547309233,0.709606763686828,-0.02121642574196314
2022-08-03,-0.6450919249660043,-0.5847668198318534,0.0020864958187336857,-0.6746482181823238,-0.20835192171533434,-0.10179925847150872
2022-08-04,-0.6468494598143169,-0.5960467726786725,0.011997297803441706,-0.5892708590639962,0.159485152383385,-0.19754129253087235
2022-08-05,-0.6280436705166451,0.6645240401423446,0.004697273397350488,-0.07619893871980389,-0.7520035304052476,0.2574069911016923
2022-08-08,-0.610724297748302,1.3723655304726692,0.0006810096343771929,0.32319759685870747,-0.057526713442328736,0.17196656505911528
2022-08-09,-0.606492103092401,0.23669837546047795,0.01480453033930685,0.4837013936085136,0.5429891718255861,0.4236455170975034
2022-08-10,-0.5887642239010419,0.43400842058865696,0.0011518088315279063,-0.0057675461827832435,0.21577076330232858,-0.4212103062211924
2022-08-11,-0.5789488897211655,0.9244326006316723,-0.0030434060491792286,-1.3298910224405813,0.17365610352734293,0.6832864818932267
2022-08-12,-0.5549427645559791,-0.6242494391802605,-0.008378232587776487,0.7277861503101892,-0.4847434343118246,0.024881038960772588
2022-08-15,-0.549155581416837,1.0726581671465105,0.007030254590454109,-0.05295866366302793,-1.0334659077973378,-0.8103293588468438
2022-08-16,-0.5562695477282577,1.1488364459098492,0.012370505418424688,1.1617347900146988,0.23216764789219202,0.3367711839503509
2022-08-17,-0.5495527225895972,2.9373880273873647,-0.0005058740143342871,-0.7077387794799367,1.2211340484813853,0.9824428395942582
2022-08-18,-0.6081646101066527,-0.04637255700582399,0.013079156237798373,-1.6022747273509945,1.2574388066539812,0.7077585112210196
2022-08-19,-0.6005068953789516,-0.09318303560413604,-0.019700150319715753,-0.03402600268307527,-0.06447069673469663,0.9911236241374325
2022-08-22,-0.6734751518832474,1.1292700088011165,-0.0005545337480791501,1.295952688284265,0.9214650999779357,0.4314577117160457
2022-08-23,-0.7079444200313557,1.2231892600420866,-0.00040094912104435276,0.1609421366160508,1.4567729203475839,1.2521225866774217
2022-08-24,-0.698909048012536,-0.11032050135789856,-0.007269943724073476,-0.19966979917285654,1.3670654457471527,1.0923889294154479
2022-08-25,-0.6893584612672001,0.0161827518774727,0.023838610379818735,-0.8703470176574332,0.2482386910471548,-0.18143351587692258
2022-08-26,-0.7126070368699987,0.9547459149783605,-0.0006619263268876074,1.7577664666808224,0.5127212137222328,1.3175920603538962
2022-08-29,-0.7268490777075775,-0.4000200186126622,-0.004077307716044337,-1.0296025948847793,2.1130579444210884,0.8701186798630305
2022-08-30,-0.6994382579352949,0.025575458609531587,0.00025962113433504463,-0.72539425762824,-0.13646703976884578,0.645161551825831
2022-08-31,-0.7091188605667483,0.5092557221296116,-0.020028137385258292,0.5700341960840228,0.07459690715094913,-0.6791852113104264
2022-09-01,-0.6642604543186886,1.421410001162307,-0.007598679253449155,-1.8560206898867897,0.38010333987003175,0.33645666646037736
2022-09-02,-0.6642988513822156,-0.20604234358832763,0.009832399694454041,1.2745906653813397,-0.058380357071094874,0.004090479920966755
2022-09-05,-0.6561381278445901,-1.4438051512013426,-0.006289453549327743,0.6241931142173556,0.23561682490720623,0.1717260517173828
2022-09-06,-0.623800639874618,-1.5229145908114567,-0.008288751628002716,0.8992310718111097,-0.15864980455786487,0.5520716759752009
2022-09-07,-0.6211800975507495,-0.8851326827813626,0.013095256365144005,0.5581170119496541,-0.7638257214257571,-0.4112575448491164
2022-09-08,-0.6412269771645656,-0.9404596596694876,0.013402544009518291,-0.16112351745637007,-0.31735926698917544,-1.013386370252193
2022-09-09,-0.6434215261984514,0.23012542767883032,0.0051699047216114125,-1.063148710155423,-1.7083356024968988,0.08867941057805795
2022-09-12,-0.6441337409222533,-0.8028272378785342,-0.004551173340386669,-0.14007544122496063,0.5553689403663562,-1.0887837342897886
2022-09-13,-0.6714285739662846,-0.3162747152678521,-0.0023947106511632427,-0.9752363117526348,-0.5661301153059272,0.3375734946042992
2022-09-14,-0.6765452153931011,-0.371228740602279,-0.008041499615749584,0.4861553100763835,-0.32180701566880754,-1.060754414065026
2022-09-15,-0.6913890572730499,-0.034580731612132765,-0.009947731190286455,0.8067798305481017,0.7370226878897661,-0.29612279173574596
2022-09-16,-0.6729019021293011,1.7373377658869522,-0.01044416488308432,1.4768086311982076,0.45315583524903935,0.7606313441743928
2022-09-19,-0.6722096646455961,1.0656887307080973,-0.006180544067852074,0.3717676405528632,2.178579867112389,0.5674796304501458
2022-09-20,-0.6778655796285474,0.4194552140633615,-0.010347209906847451,0.9245753565951862,0.05754926603458521,0.5073461576766138
2022-09-21,-0.679989218240999,-0.054306932803709684,-0.01563705118543149,-0.2971447372301422,1.7763918812482506,-0.6750614518752677
2022-09-22,-0.6755267778728756,-0.025239125678421792,0.0021940266975390577,-0.47827713800819477,0.39443957497841686,0.8088345604127881
2022-09-23,-0.6631904938790801,0.7330625366756749,0.002345955808934371,0.47367189081680144,-0.10402028715479777,0.5141174869519329
2022-09-26,-0.6831847384524677,0.9820833696797382,0.01700792758428317,-0.3864728727169088,1.2691978989865424,0.19629595489587162
2022-09-27,-0.7040164911048932,-0.4977066630291198,-0.006683383683547029,0.2691857888276577,-0.24716112049890016,0.2638431479271582
2022-09-28,-0.6819229067968426,0.45889065027716736,0.0029610058962327053,-1.061192189335421,-0.28038407709295876,0.06747216126745696
2022-09-29,-0.6901696442409373,-1.6224658245849213,0.0031271257927480214,-0.8816276824763011,0.5250886325005408,0.7752404480737654
2022-09-30,-0.7185064860928748,0.6258155707151594,-0.0025383756112553335,0.6354093010182902,-2.0965257739615937,0.35937669701065994
2022-10-03,-0.7096302319052127,1.193253133614411,0.007443335887496766,0.8866900754060961,0.8482385309821227,-1.923325359773889
2022-10-04,-0.7003628357845589,0.1457095122622522,0.007752291868507136,-0.9856561689666805,1.2166291642088443,0.5036275418023405
2022-10-05,-0.7309771409296931,2.236744697610841,0.003274110951975405,0.6706143105064207,0.6654381977217843,1.7738573066215453
2022-10-06,-0.726387506620421,-0.44265216287823456,-0.002556397050477957,-0.5327356730352747,0.5974660507074226,-0.4729872988945544
2022-10-07,-0.7116758447718536,0.6532729192755138,-0.0035753010855453515,0.016505176200309918,0.37137741114818207,0.28669451991575345
2022-10-10,-0.7041881157377283,0.3911807601971567,-0.01367753898797059,1.416944415790647,0.05273623942828609,0.03131857519740128
2022-10-11,-0.6915484860625004,0.32221520199922865,-0.00805917778617692,0.8074872340229485,0.5377908261332462,0.08126108330776716
2022-10-12,-0.7196338680243154,0.3006069236327526,-0.006220075239016876,0.7958719880221928,-0.131002960567494,0.3585571636522239
2022-10-13,-0.7130130649243915,0.5388853508240609,-0.011239717624294342,1.9087903584569665,-0.07769151504406219,0.6250318593823824
2022-10-14,-0.7190654601138005,1.2757665824183348,0.004399239666876642,-0.7038793410497978,1.2328539699500731,0.015908790070658374
2022-10-17,-0.7287212632882935,1.8091755123430246,0.011966278689870099,-0.9858749749925457,-0.20320631788871774,1.3211400208047612
2022-10-18,-0.7113101510998989,0.43498251346881867,-0.0090806243232915,-0.7221222702285907,0.8816997049010147,-0.16203623832181246
2022-10-19,-0.6817246608864143,1.2421021628315725,0.0028344143574463715,-0.25450105340661505,-0.39925079123494267,0.18668280282067676
2022-10-20,-0.6458372597944072,-0.29273214973493394,-0.010341111395297104,-2.3545506142918935,-0.08999043016817099,-0.5811726458788877
2022-10-21,-0.619541102364289,1.1534578086028773,-0.0030492217093916214,-0.20742823669681038,-1.3512405694569378,-1.1307479110477685
2022-10-24,-0.6217357859968927,-0.3902668624084169,-0.006903295791777759,-0.5445707318949119,0.6590088720822782,-0.4425894091001181
2022-10-25,-0.6146813827363659,1.4637014076862678,0.006018956486064415,0.783759767397799,-0.5525531214405004,1.5289541655201306
2022-10-26,-0.599344925300681,2.5794497070350593,-0.006787881738421783,0.35241937901004006,1.0603886812311194,0.02629238172329154
2022-10-27,-0.5969213663146917,0.23752306720901678,0.010116604137066467,-0.600696627769337,1.780602022985407,0.8892233190510115
2022-10-28,-0.5943060825564609,-1.8343906710185935,-0.0024572077366219903,0.5899608453629039,0.4176572437837214,0.5534521153347601
2022-10-31,-0.5778310199189373,-0.19148928371094648,-0.006496037095948308,0.7232630598237696,-0.8332236704177307,0.04134572493847222
2022-11-01,-0.5790166728394559,1.5785737462406657,-0.01253305262345163,-0.7685457897914107,-0.3292875880350313,0.21583424131197848
2022-11-02,-0.5936024115669291,0.9004867907289185,0.0025320451029534966,-0.49302425538241845,0.5179669855362421,1.0570367695581282
2022-11-03,-0.6018918728836462,0.605075045615187,0.008952184022261802,-2.2253631870979826,0.48459857047649224,1.1258539049694007
2022-11-04,-0.5892136653289713,1.3698034796850267,0.0027332125653687423,-1.0906599743692849,-1.3172107914866888,0.7012161345512347
2022-11-07,-0.5891537995049723,0.8379816384458048,0.022388316664144238,-0.7424695604235784,-0.19398074320231462,-0.5716545085347046
2022-11-08,-0.5823495999676055,1.5712174671541197,0.014297874524704185,0.07416617660602177,-0.23677048915838883,0.038540014119352525
2022-11-09,-0.5689480151235617,1.2688334366275489,-0.0030752776471701625,-0.9453826793598152,0.7180806048585235,-0.5586511117782276
2022-11-10,-0.576444844381514,1.8630692618110958,-0.00318027433807069,-0.513451987049109,-0.11996394288613327,-0.5457642405952585
2022-11-11,-0.5613198811089178,0.7046629905351627,0.0046969671948535255,-1.225330681582599,1.078751615340203,-0.7300627889547245
2022-11-14,-0.5537430290397499,1.2420513301593052,-0.008380191804256847,0.17111389853127063,-0.9413214603960882,0.5153182476162539
2022-11-15,-0.5784392907779795,0.025118744338064547,0.011662883065324866,0.4257145945849076,-0.09897903394659535,-0.598790014034246
2022-11-16,-0.5495931949542546,-0.2543972370922182,0.0036160052184358374,0.40236534841982236,0.01338674670598708,-0.9262055881077786
2022-11-17,-0.5596080898293929,2.036523557391526,0.0025645891085853204,0.01236113190525933,-0.050580016328511015,-0.016369991412147494
2022-11-18,-0.5927099966930967,0.5519695302203238,0.00686953667770817,-1.5410729965013943,0.29696909659434556,-0.2138192020273969
2022-11-21,-0.6136108708848227,1.160506563878237,0.017228298833690585,-0.6199536638928509,-0.6430494780816027,-0.5700732197029926
2022-11-22,-0.6340317740983891,0.49190653694228376,0.0017095535218750457,-0.4073066723184845,0.13381076867574596,-0.5114796715087636
2022-11-23,-0.6329883077252384,-0.20609658646093082,-0.0011304037087138397,-0.4032953129206253,-0.10844988431721758,-0.13235695452572083
2022-11-24,-0.6384653178361631,0.39077587721754437,0.015087196233225797,0.07498121798983637,-0.18791281069750732,-0.4187847318974279
2022-11-25,-0.645201957188975,1.8190732084694121,0.00967550415991135,1.4255413723710189,-0.10574813751968837,0.4714413340516854
2022-11-28,-0.6328079178793254,0.942361248592809,-0.0032097984038372274,0.8120962126845997,2.223197462057218,-1.189327599139847
2022-11-29,-0.6260104106554714,-1.3317884090028638,5.186448659019738e-05,-0.9875177798486946,1.043024080485004,-0.19104053650083452
2022-11-30,-0.6196894532425856,0.16036178981712812,0.0019538091593879897,0.6784028752966336,-1.4654210162827217,0.4713323068877069
2022-12-01,-0.6114928840960118,2.1541074646502634,0.00361812944604982,0.6403023676657362,0.398813351056981,-0.6017631436918413
2022-12-02,-0.599170190735967,0.15309886860765098,-0.013565998509391136,-0.8060674729515649,1.3957684814420452,0.4219950895870255
2022-12-05,-0.6413292575715158,-1.4409765772926004,-0.0154248460780156,0.848865922635439,0.362568621205905,0.3047117116814639
2022-12-06,-0.6486180226168051,2.277846439965453,-0.008873900220024537,-0.16037663594526336,-0.6852029336031176,-0.3875984035127417
2022-12-07,-0.6922222239065946,1.0715633233828756,-0.009647384430113419,-1.4099534900144448,1.4538144606415033,-0.3127309997383714
2022-12-08,-0.6915010253706386,0.34532047553115636,-0.006438240139725028,0.45520272463714184,-0.009934666489108613,0.38926962607987886
2022-12-09,-0.6915936848151255,0.04348287914031451,0.006347106420900042,0.2169618236145243,1.097630370515784,0.9261722428733177
2022-12-12,-0.6706830393193319,1.4973081406808109,-0.0016892915632473818,-0.22767762918582773,0.7520404232937534,0.29939731677698767
2022-12-13,-0.6469303514649094,-0.13957357663459335,0.001963946050101882,-0.03745308498329951,0.7579768028886444,0.3065070994519423
2022-12-14,-0.642874850499862,1.536414635394934,-0.012243034100422615,-0.719085478888462,-0.21641612028762097,1.8263404450586553
2022-12-15,-0.6528820720478001,0.9279201960241732,-0.004616422029209453,0.6101305037971094,0.7344652647968406,-0.21424339016784155
2022-12-16,-0.6431788497968853,0.63641116871603,0.005872576617448406,-0.04345063450892596,0.6141143757372206,0.6642034882780327
2022-12-19,-0.6537372025433716,0.5314221152137266,0.005949524581768013,0.16644884394822793,1.1395939569348492,0.6641371291135612
2022-12-20,-0.6537650555722385,0.21727428481184483,-0.007245738281879077,0.3571419244288725,0.373287407259895,0.9516582668516109
2022-12-21,-0.6340423292330232,1.4378991535526089,0.0016166238637955327,-1.154585614426325,0.05045745329558324,0.34167169251370416
2022-12-22,-0.6451977561528116,-0.48491743456202024,0.021988478534823323,-0.894283021882052,0.025134066484247874,0.13901033062931822
2022-12-23,-0.6290841833679616,-1.2348064731385224,-0.00017597929255638162,-2.2099444596162092,-1.2062047314740458,0.07151090382018123
2022-12-26,-0.6155361559941156,0.9918906329132515,-0.006931869461424454,0.564742258490407,-1.2165049128086367,-0.8883884705035845
2022-12-27,-0.6346319923367321,1.000560021663617,-0.001737623893621601,-1.2122100237467663,0.31178382474527044,-0.3521159290603255
2022-12-28,-0.6151541097723839,0.8610203479138059,0.000921771075268335,0.1325697098956523,0.562390566588548,1.357490223590127
2022-12-29,-0.6011827828649539,0.7768208354814692,-0.0015116838069055005,0.3709882249395528,-0.1634507562537092,0.9794849003429811
2022-12-30,-0.5991442651175007,0.04016929138142444,-0.00031354700676501646,0.6023528388925202,0.6007029635257614,0.10879797302061286
2023-01-02,-0.6143907342780538,1.1469692634560258,-0.014434467969368397,-1.2040169138360592,0.8356841553543755,0.7838142124501868
2023-01-03,-0.6315748546495652,0.3230763138122914,-0.009626304750859516,-0.06516161814069105,-0.9843397302202584,-0.14544767532892233
2023-01-04,-0.6423281061876256,-0.10816864802543896,-0.0014933523707149794,1.670280420787749,1.1402759411551517,-0.5992601711189476
2023-01-05,-0.6314762169217863,0.07350555145717547,-0.0016526797002243653,1.7143146799843163,0.3984973542780676,1.0818340800302515
2023-01-06,-0.6505887202698143,2.3995254289289036,-0.005661892748600007,0.9873230940269508,0.7925783330921694,1.0716241255000454
2023-01-09,-0.641838475297417,-1.3446228498835442,-0.0017701358607643703,0.3374931388188395,1.8799207609233366,-0.10585945336575053
2023-01-10,-0.6666735858749848,0.884891189474249,0.0006101485541420548,-1.0051063888453775,-0.17594820918103948,0.5558113567616072
2023-01-11,-0.6707549575637619,-1.2791062760987264,0.008894134565245251,0.718621625391053,0.17681396757058526,1.2296487821956539
2023-01-12,-0.6685620024722817,0.2942196362152839,-0.0009921173522605096,-0.15802122874684088,0.14677084852648448,0.13732303526814685
2023-01-13,-0.6196593995711034,-0.03249028367081869,0.0039910320529825336,0.5605282752728444,0.3461049234393855,1.1600640654571452
2023-01-16,-0.6472057126815107,-1.7132326569372158,-0.0054160030143392095,-0.6328434548521167,1.088109103084202,0.279861605913199
2023-01-17,-0.6177654213517081,0.7773610180426694,0.005720957235984817,-0.17293311283992888,-0.8473926293662611,0.6373572657831521
2023-01-18,-0.6147685730719625,-0.009378809381171027,0.003757302976123568,0.16414736007642475,1.300200222922605,-0.564621215810756
2023-01-19,-0.6065451347116432,-1.7303451987180665,0.008658170031798192,0.2462780914938584,0.5132252466296078,1.1506231852213094
2023-01-20,-0.6041781764438791,1.2034951716012379,0.0071346046244448805,0.4937227144602481,-1.6684092347527841,1.0456178911657232
2023-01-23,-0.5952836400799745,1.7975130838552624,0.005887356228811466,-0.5791949845248994,2.107385461788178,-1.371785493723273
2023-01-24,-0.5983573421672148,1.8472945263445566,-0.0009841740865777979,-1.3432844521102028,0.3820468752663954,0.7368531264724182
2023-01-25,-0.5692763385380657,0.7179708459517999,0.002449392270444682,1.6247850398997947,1.1358716967977083,0.7209682084944102
2023-01-26,-0.5784057614225602,0.3876239416999549,0.010635089284515273,2.489254169023358,1.0220009082695638,0.433413080888372
2023-01-27,-0.5557610699789752,1.675200077749333,-0.006520745694027948,0.44742071120237864,1.720793584941744,0.16386912760137762
2023-01-30,-0.5686484123832356,2.0158402273274834,-0.006284077786968656,-1.3239920947301105,0.6755193947080756,1.380082405545426
2023-01-31,-0.5698534493112614,1.4747577503055662,0.001814313979503629,-0.7731951168428768,0.7892393236082829,0.9660556504461406
2023-02-01,-0.5912927003570657,-0.5996255326430443,0.004152796902654535,0.509117569050969,0.299620332382339,0.08537244122044413
2023-02-02,-0.5821922259501154,0.5561204734291614,-0.008241064992640053,1.341115611681286,0.6938801112876609,0.2622490663648199
2023-02-03,-0.5532897068115846,0.7888314798614979,-0.0007476256341330811,-1.2128906345418562,1.035086404166396,-0.41283882746309236
2023-02-06,-0.5548368304080017,-1.4776431448302785,-0.0009399877422878525,-0.12433282084890122,0.37475848726699756,-0.07149966441234118
2023-02-07,-0.55877454438208,0.8022627578655751,-0.02215280115603471,0.19593206444396905,-1.8708174241814748,0.2431404585501769
2023-02-08,-0.5810668836434385,2.608256552608637,-0.0021959398925875985,0.8645784512858746,0.43643586849337623,-0.8230237683337576
2023-02-09,-0.5856527367144846,0.9885762959868545,-0.0015731783284846645,-0.34360109440037934,1.8485896340010057,-0.38372951421636137
2023-02-10,-0.6175086219089152,1.824804723470447,-0.0016029294282301904,-1.5638146913219246,0.4679963814853528,0.40228098046510735
2023-02-13,-0.6357661816432917,0.5534199032740541,0.014159142745772686,0.6211975594529023,0.7669831385668334,-0.4284282503049268
2023-02-14,-0.631230460721109,0.3082413850021535,-0.012157982985088755,1.124795965171238,0.34175597402099167,0.6181783265030014
2023-02-15,-0.604850196766281,0.7600096665136409,-0.008246225712046128,-0.08259146174516069,0.632680373910619,-1.0267933297056937
2023-02-16,-0.548665979541691,-0.45291652992466397,-0.02612195798319334,0.40524009130643124,0.9339342358707254,-0.32224016947633904
2023-02-17,-0.5603976812431091,-0.634575599509374,-0.004809166661741407,-0.47449122942707067,-1.2061805978760518,-0.6974945225575659
2023-02-20,-0.5316916781102002,1.6025431659152312,-0.00395643554126001,-0.8457727947258943,-0.22024562810130272,-0.29136890672943494
2023-02-21,-0.5268166285021674,1.6913573497326384,-0.005099771763342562,1.0264256805472187,0.29457730207195876,-1.180750662678407
2023-02-22,-0.5298415814370949,-0.6750163384860499,0.011076773394837602,0.38749584781446095,0.7989029541460181,0.1515973050537056
2023-02-23,-0.5211896924025718,1.2859037534161213,0.00860617522336963,0.49036859940188254,-0.015767649508253295,1.3432207388141622
2023-02-24,-0.5199513627289727,0.22575383983552216,0.0007785672426730414,1.502115147994613,1.4561479968915927,0.996964946483827
2023-02-27,-0.5177434482167282,0.6517793921278141,-0.0037061305353986223,-1.054842334318573,1.2358767474247077,-0.4282779429060759
2023-02-28,-0.5259101114732616,0.7708647083651003,0.010261896681068639,-0.5520262681594221,-0.1633701829440346,0.7351902973196919
2023-03-01,-0.5538723046692386,1.3098965350082754,-0.00019757859835851628,0.15793334883469554,0.601380489638636,-0.6668993601530884
2023-03-02,-0.5847448087196804,0.41504158466473207,-0.00818270038918458,-0.5643132377612419,1.1552341252652587,-0.44526040108876863
2023-03-03,-0.5716799110540558,1.7610088805337443,-0.017162486774845515,0.7831365352724501,-0.06194941159822171,0.451773383735322
2023-03-06,-0.5772139128557701,0.6524207863923581,-0.00441314493895683,-0.18739922090398406,0.8447639682649927,0.7090974589406756
2023-03-07,-0.5891356908488934,0.9705126201829946,0.007546436171726088,-0.9925328074971896,-0.07151505675903314,0.7399391102514616
2023-03-08,-0.5889655783144303,-0.47978117702791045,0.022765386895430898,0.06577167518766158,0.5058459180450028,-0.46126633263129335
2023-03-09,-0.5730669332561178,2.512038357693492,0.0006161034618947592,0.17033877080678794,-0.23239139444371812,0.6506510615662527
2023-03-10,-0.5694596543955898,0.8136650831586371,-0.007653555151203043,0.9346820628963304,0.8078931933727962,-1.4508011266286807
2023-03-13,-0.5825807531284091,1.0546732179824532,-0.011849652082842142,0.39314090314742434,-0.061541219978143324,-0.0882155420421859
2023-03-14,-0.5580548940154301,-1.2586373593344962,0.00551954896305599,0.46114639135983565,1.098212629753025,-0.5220284758109149
2023-03-15,-0.5264711839557975,-0.48786908666984297,-0.01764616052384268,0.3202916840072248,-0.7218042298802784,0.5411880984322199
2023-03-16,-0.5165800508493404,1.553766398292209,0.00550345101404888,-0.18822252129193043,0.05103187278487609,-0.44650868164212504
2023-03-17,-0.4971067806224586,0.5968391488022089,0.008177116062629122,-0.7162191151112647,1.3161537960067413,-0.06191831341873669
2023-03-20,-0.4722675806861824,-1.6155156664554509,0.004362794532328641,0.288838351659376,-0.6408792747659293,0.48743749013935045
2023-03-21,-0.4496655943580921,1.3216504773955284,-0.002196616719385572,-0.33312476588364065,-0.7123380480016088,-0.274951329051216
2023-03-22,-0.4373836108158396,-0.27398344773786815,0.005649406535468145,1.6898226204410154,0.44353709759457177,0.003526458574210245
2023-03-23,-0.425416669874342,1.6737471523662157,0.0017093837112829996,1.3421822947732187,0.7281497771056368,0.289190309578987
2023-03-24,-0.41502345840741195,0.1674143233209055,-0.007781238418605917,0.6328391323516083,1.995021315263253,0.15705630973480153
2023-03-27,-0.43697021189835283,0.4537207610649771,0.01850412322375026,0.3784669392929856,-0.327370277616723,1.138808559751333
2023-03-28,-0.42295574876116115,1.44113670573066,-0.0035167937961051634,-0.08795905098117711,0.6608117590769845,0.34835750126413295
2023-03-29,-0.45007202818369224,-0.6437195215979656,0.007757523004499094,-1.261123731347135,1.206697856936835,-0.03625024284893452
2023-03-30,-0.46596401728619335,-0.7228035909237243,-0.024186142826957146,-0.2161722233219656,-0.9205528234550598,0.5073723972179703
2023-03-31,-0.4398927159300316,0.08307998997360866,0.01276470882780929,0.10140003340525669,-0.5142669243358604,0.2828951672731749
2023-04-03,-0.42308831267614766,1.0911084291792412,0.014687637446545818,0.2294564744446623,0.284068849993281,-0.8930765223115511
2023-04-04,-0.39334034688243036,-1.0770242650078021,0.0002983378712663829,0.4695363670158261,0.8135747559607225,1.2106523002505427
2023-04-05,-0.3987738345561762,-1.4320303917596384,0.005587710347377584,0.9213301978776851,-0.05511499078004556,-0.43738434466142007
2023-04-06,-0.4218188113817115,1.062985227777498,0.005585151816075627,-0.6921540716928671,-0.06675335216675693,-0.23202051257386244
2023-04-07,-0.42662755532311836,-0.34988702573797686,-0.0064278356964072424,-0.6830756072090113,-0.2346788544920102,-0.6001530066006477
2023-04-10,-0.42458692937830683,-0.1362494797264121,0.005471223054393402,1.4508566797431588,0.04863503864470148,1.2071507136002215
2023-04-11,-0.42300715505150666,-1.6020582443131817,-0.008086304698725554,0.7709815891931486,1.0936811624202545,-0.2801242499181754
2023-04-12,-0.4003335454763726,-0.42517502132107815,-0.006087569236453262,-0.3907709421333212,-0.39795367271786425,0.19165182917199486
2023-04-13,-0.40755895397644154,0.23263283065467294,0.011269431432122987,-0.10721116895223676,-1.1183994321983186,-0.40152839668699036
2023-04-14,-0.4005182645403831,1.174913230008757,0.009746576907002032,-0.10271394667489854,0.01423282397546051,-0.44591805975287324
2023-04-17,-0.4202908075290752,-0.530919207510409,-0.0070637550211579275,0.03157412228138299,0.6469548042343402,-0.1906602965537494
2023-04-18,-0.41128446196819896,1.9095506047499418,-0.0073357634350104065,0.47268309223861316,-0.8222061006639593,0.21139757913201346
2023-04-19,-0.4112222909644862,-0.4377853469988813,-0.006455966024576721,2.534992746099831,0.961660380975562,-2.487518717113024
2023-04-20,-0.4262185577301766,-0.436358427006483,0.007326395664654909,0.18975656116265244,0.08821900213071776,0.46704307304009923
2023-04-21,-0.4309351449736737,1.7930886865359081,-0.00999984780810397,0.6625981504252507,0.15943273364766847,0.05038252385080988
2023-04-24,-0.43461865990397813,0.47002123934812134,0.003567126390359526,-1.6864767061901427,1.2467591795884765,0.6948860085888869
2023-04-25,-0.44002176249072,-0.2912535330691898,0.007468468106342948,-0.484899992778835,-1.26547159955155,1.3464781997824555
2023-04-26,-0.4045949376453663,0.10887992631383855,-0.0008824545029310019,1.2288150027166052,-0.16278419493803073,-0.6820870566332761
2023-04-27,-0.4065638576915239,1.595830540129279,0.01010063696864928,0.40231539135661587,0.5199520309803186,0.4164845612822594
2023-04-28,-0.4114417798950707,1.710141134240596,-0.003043101694897927,-4.389114584864837,1.216783831633609,-0.42696285432574044
2023-05-01,-0.4533907990472736,-0.5699281113332135,-0.002138556009939143,0.6740232023161967,-1.093311292612756,1.0079581298527867
2023-05-02,-0.47127494608686316,0.2296006693492559,-0.009772462311318564,1.918164394628769,-0.4170074056201095,-0.8354755611564864
2023-05-03,-0.47653641457599016,0.37292179531969094,0.010171773476202055,-1.9959075861197932,0.49600221249425047,-0.8984718134070822
2023-05-04,-0.490253468099523,-0.7003182617710035,-0.007665204469788703,1.5193876756455122,-0.8839189837556698,0.11184778869998242
2023-05-05,-0.4626193162319671,0.2384670282097195,0.0034977181771505914,-2.771955630625928,0.27006001970608734,0.4425199256286161
2023-05-08,-0.46591807173989147,0.2828944501908808,-0.0007131606712593476,0.9379989450534133,-0.917869066774052,0.23013033090624732
2023-05-09,-0.4401491867535264,1.4197603219806705,-0.010527830631116626,-0.008648626012240201,0.4223361796658995,0.4848518085587046
2023-05-10,-0.43891509407251905,1.4715145403633167,-0.006091031438233208,-2.3499712152446164,0.49454698788580187,-0.25918834743982766
2023-05-11,-0.4381705373440875,-0.06586034191549661,0.01382872239040734,0.4461378272397865,-0.38309119910826406,0.8512568072774048
2023-05-12,-0.43994646629833756,0.04894917854564082,0.0020165754263448046,1.1508397491520586,1.3975600432601627,-0.563687061940886
2023-05-15,-0.43987054126590835,0.9282601818346381,-0.010091503413668419,0.36388700382157313,0.10359652990166168,0.7640992223605951
2023-05-16,-0.4054946412049112,-0.32126612416746647,0.003053282873486918,0.584827637059613,0.33130386080075547,0.17662813565139673
2023-05-17,-0.45188685573993553,0.8319369364603494,-0.0014611403159454509,-0.41167611233906165,1.7171975959000856,0.5459817777148436
2023-05-18,-0.4919177706287091,0.18322562607474657,0.03454046402244182,-1.861389755221022,0.46272065938687235,0.923183290101835
2023-05-19,-0.5027811872498313,-0.6742479153613952,0.0028512384134227256,0.6918640223370642,-1.343371764097667,-0.23528642596899782
2023-05-22,-0.50249062961108,-0.6551680005297478,-0.003806248470663645,1.7497539194462957,0.3713273924494923,-0.07633312258841185
2023-05-23,-0.4886885411157998,1.74855307379775,0.01420027917787104,1.129580854227459,-0.08184650556290257,1.2060912831975081
2023-05-24,-0.4792267971552503,0.13679164552618125,-0.01841036167292845,-1.9878758296013461,1.7794977579512081,-0.3871129808569772
2023-05-25,-0.48691171541286166,1.9278901721914612,0.0009432015638109748,-1.5148944072109338,-0.8279755650094273,-0.3003652547889756
2023-05-26,-0.46653084154802643,-0.22148923146719313,0.019944284946810727,-0.8459677417973405,0.13256628996477485,-0.07299726324196909
2023-05-29,-0.4459269334849718,0.5711237060603093,-0.0011619928435975466,-1.5929754512801433,0.35573373243040196,-0.13905340594714075
2023-05-30,-0.4422457768595405,2.6602328831092246,-0.017333010446480786,0.044189919556039105,-0.06244436566823708,0.08141846602050298
2023-05-31,-0.42299262540980365,-0.792039278547555,-0.003959179644105984,0.3934158051805228,1.8339385302485525,0.30560668888790055
2023-06-01,-0.4175397201411611,-1.6440189246538943,0.014545180409590373,-1.4302532832423676,-0.026393380575539416,0.5514368807164896
2023-06-02,-0.4287693806768188,1.53711396337193,0.0037606959632077025,0.7771284592755282,-1.6175207914136753,-0.17318820406519556
2023-06-05,-0.41481304389681867,-0.5695474769869824,-0.008388561095125174,0.601103944020014,1.3894491296481575,-0.7879560662981057
2023-06-06,-0.41260078144524515,0.22818146223185742,-0.006852428071790241,-0.5481591248437031,0.561403744245707,1.5071044711326804
2023-06-07,-0.4125739845101554,-0.33835774158443777,-0.0055970027114981315,-0.17252198598398413,-0.04032046539131341,0.2706734473787171
2023-06-08,-0.3831149130663639,0.5157071716614093,0.0036119788405399623,-1.9498011756530316,0.6605779085659035,-0.7595483579150671
2023-06-09,-0.4321323556371657,-0.7206672593459238,0.01338196132938653,-0.3322621562870741,-0.09850238364300312,-0.4202670298300125
2023-06-12,-0.4604860390403571,0.07933932549899328,0.010524230127991703,0.007384974130325764,-0.3861636236498236,0.0392118803564093
2023-06-13,-0.48422744756784447,0.7261069499807484,0.0045601218210912856,0.16874759522818958,0.17238150630935184,-0.851430431057008
2023-06-14,-0.4914926605192206,-0.7177724177335553,-0.013316447600574835,0.37887691202017393,0.5023283466038599,-0.859810414315288
2023-06-15,-0.4965848239145412,-0.40518843333435656,-0.013279325139934413,0.24424174323057224,-0.8315868003098764,0.6073693505321434
2023-06-16,-0.5267313368700021,-0.0494319392498071,0.005332520212137627,-0.26434369726567053,-0.15392855155942436,0.03648498158174235
2023-06-19,-0.5464344975162186,-1.112776632104277,-0.013454710979328943,0.2861949425543167,-0.023844003402568523,-0.2901497685380529
2023-06-20,-0.5636513310866901,-0.09470028428901522,-0.0022556702106860463,1.002031993310248,-0.6483531436000349,0.16546577315986954
2023-06-21,-0.5145028492451722,0.45698733855491586,0.003041504461861768,-0.09549807330964437,0.5182647512381403,-0.1788859281027154
2023-06-22,-0.4784680102902293,-0.09084723204132517,-0.011375939953626887,0.31759489083167675,0.20027148406794992,0.5946707696386144
2023-06-23,-0.4867029986439223,0.015704313242413004,-0.010242623343588634,-0.18617106266411843,0.4693727371999509,0.4529721101944571
2023-06-26,-0.4939746644500583,0.272120128279768,-0.0009412106456781867,-0.6467589164795713,0.26152714010233663,-1.3522554207763575
2023-06-27,-0.5169587443938242,-0.359358663762279,0.005036502875240537,0.5228796669176042,-0.04213964566260049,-0.026612162043385096
2023-06-28,-0.5551213526583295,1.0012378125031716,0.01061518770413757,-0.5552259441702052,-0.6544162739588004,0.29177967235870966
2023-06-29,-0.5574589563864999,1.7690509363967735,0.006070534347705516,0.38614690099219057,1.1754008487866612,-0.5407612779048689
2023-06-30,-0.5774159960513804,-0.12990501836354856,0.0007365659499219412,0.02825537151004551,0.9712232856209326,0.5506519655098936
2023-07-03,-0.5791130066846206,0.8316478291085353,-0.007461947535570491,-0.3039346765201432,-0.09227242712101029,0.8874704675362661
2023-07-04,-0.6111171236654902,0.10785064857612545,-0.010709069958445193,-0.3281428321466607,0.1232105893814931,0.0070325477468427475
2023-07-05,-0.6263566128316953,0.7321576192377988,-0.005108770883291476,-0.5081209924156869,-0.32377622086404095,0.9601964155625918
2023-07-06,-0.6233840709256387,1.9415934989022714,0.004099355849805672,-1.6458011720890138,0.9316467156653531,0.5304924519798543
2023-07-07,-0.61605987896996,0.882689985573482,0.003366237066273429,0.38289509516169207,1.0039658095435824,0.34810253026654847
2023-07-10,-0.6077104397951197,-1.4037786114277047,-0.020999019857251226,0.2315468252783205,0.817929539395195,0.3329569118597449
2023-07-11,-0.6341202194782605,0.8186218953240307,-0.007856770282675028,0.8496702524484937,-0.6620107816980048,-1.342126170392981
2023-07-12,-0.6170265048755493,1.6133358749959656,0.012045075516061557,-0.5314569023067949,1.052438335191114,-0.49380616989841764
2023-07-13,-0.6330307388075863,0.14861973292722688,0.0007921504780413948,1.8953836254766674,0.6286266363751486,-0.3383640847903146
2023-07-14,-0.6203735805154401,1.3754532494023841,-0.014170089131029861,-0.3797359478496331,0.7409653801475495,0.41561971156919053
2023-07-17,-0.6205863540478039,-0.3178913928426819,0.023558211815981514,-0.8751096421946959,0.7051228514579163,0.42515684773839835
2023-07-18,-0.6481141040293629,-1.1131873470935914,-0.00028941732314764594,-0.9936849198426648,-0.7338194535112507,0.7348187367721289
2023-07-19,-0.6544380581209867,0.5300374812502578,0.0038433395931340803,-1.7339224032296623,-0.8208680459373509,0.5077835290888519
2023-07-20,-0.6471307832797112,-1.363813885873722,0.003995247560451344,1.5326278923931278,-0.3265265830528626,-0.3851522784749889
2023-07-21,-0.6348714756702192,0.14850745707423496,-0.0036759546616018605,1.371067390768662,0.2337652265272926,1.2213128247801293
2023-07-24,-0.6376912336191076,1.6677651480476343,-0.0072757368182139424,0.600745162884758,0.31431078037491317,0.244665219069224
2023-07-25,-0.6070556558070865,-1.5271481655748163,0.021216749850659404,-0.8960888077757798,1.42814602921751,-0.6446899850612687
2023-07-26,-0.5869054403873554,-0.915263402429646,0.010032058696177508,1.8112676815591198,-1.5773480734184369,0.3054225880818077
2023-07-27,-0.5920385227153504,-0.6798889809291644,0.008219372011086766,-0.35171916152165594,-0.013042929446596518,-0.9334546532229898
2023-07-28,-0.5770360864726114,0.2919032539182502,0.005762891917182107,-0.26902583122665236,-0.7420850670372634,0.3494069724410588
2023-07-31,-0.5383602167688477,-0.01949513376264239,-0.010033173903616847,1.437259080436076,-0.4952187801150489,-0.9022882203043489
2023-08-01,-0.49915052475318716,1.722152511757396,0.01277530191740274,0.6589105844808723,1.074716074561095,-0.40163398073740963
2023-08-02,-0.5237105223696371,1.2538386439436098,-0.008431326580117499,2.2011031387545934,0.6371042994050631,0.3869980650748408
2023-08-03,-0.5422411845927801,0.8094992594903803,0.0028328679815064553,0.24872226031901956,1.1617349993455273,0.01782445013895223
2023-08-04,-0.5125428088581032,0.4709750250995529,-0.016393899054645684,-0.3970307995787248,1.1294129911420838,1.0096299787133183
2023-08-07,-0.5337084298748559,0.7007554622996892,-0.020408588506475197,-0.6118048834597958,-0.20776629781408676,0.8930286790931512
2023-08-08,-0.5601592525406894,-0.5417572973884615,0.0031829120265311466,-1.846996177190627,0.006666265480484254,0.6064454470460362
2023-08-09,-0.5698831351546704,1.193305905081026,-0.008090992671949081,-0.27859577280620446,-1.521814196580692,-0.1956152892005018
2023-08-10,-0.5614786009651787,-0.7701143732663989,-0.01989167571297273,1.1445933388273806,0.9026451208373328,0.03670015212742972
2023-08-11,-0.5635265350974006,1.1722641544813381,0.005406095029470754,0.5988341726560692,0.4937209731917006,-0.4122079472094277
2023-08-14,-0.5765378075055124,1.5242584231772713,0.02120080771050789,0.020308006560405812,1.1891711956509283,-0.6108561426576489
2023-08-15,-0.5900220567400026,0.5567872865913946,0.013895602585800618,-0.9949344438163292,1.040639156818611,-0.1931539736118102
2023-08-16,-0.6042687980282567,0.17780017508202572,-0.002573178852656722,0.22687301801273724,-0.07642533640794372,0.47381463614762864
2023-08-17,-0.6218589906014357,0.7628711871266274,8.845306696945304e-05,1.0128137051953732,-0.07837035794714428,0.6870354685630787
2023-08-18,-0.5762263330559144,-2.4884029757398114,0.008877062567839135,0.4307192564699845,0.3783044686526555,-0.39655190945999297
2023-08-21,-0.5702761116322033,0.6479940183190098,0.01122128019834907,0.16673516963335916,-0.4269344859809858,-0.11577903208496731
2023-08-22,-0.5525409305441086,0.2288116691395149,-0.0034353571882569864,-0.796957653281206,0.7757563316464953,-0.3217312918770462
2023-08-23,-0.562322479906487,0.28089644526947416,0.0003417771572457387,0.8671818141120127,-0.5476629562834324,0.6927872232735157
2023-08-24,-0.566041613450208,1.0439260008417197,0.0030061480676453686,-3.131904818744181,0.5062062252346323,-0.5330235123402889
2023-08-25,-0.5803126930776151,0.26485604650539696,0.005538763202788316,0.382845708865145,-0.8807539404221456,-0.09225737339431622
2023-08-28,-0.6333468597759991,-0.792019240804589,-0.001330764420112665,2.5703219809445987,-0.277637201633825,-1.2035764312045798
2023-08-29,-0.6609070453129566,0.2386054450402214,-0.001200852450687448,-1.508373387331847,0.7226064892470326,-0.4679694074414939
2023-08-30,-0.6971194189125645,0.46409971126859845,0.01379832329754388,-0.241369454701366,-0.6921921938582599,1.0316499719223642
2023-08-31,-0.7421150944715966,0.5332055629285515,0.012095207024428865,-0.00791099012472641,-0.3411265151292962,-0.25693088214913096
2023-09-01,-0.7660222739575586,0.6071884239680261,0.004774105734360878,-0.4625828140565771,-0.4719883946672326,-0.5974196379569323
2023-09-04,-0.739523160369926,1.4989824092930886,0.017191090700229297,1.0363742425589795,-0.6597121016341247,0.5292916060371058
2023-09-05,-0.7404118837240131,-0.642320656812192,-0.0038644576222641724,0.472451014355301,0.9797600695431247,-0.6479985469714685
2023-09-06,-0.7146006084775895,0.6199475863992578,0.016229734486293806,0.1523003725473193,-0.16957008066636461,1.2928653789838855
2023-09-07,-0.706380956939572,1.7186900637047946,0.005425154435355503,0.7972725611692801,-0.06791580014928067,0.7658576504401963
2023-09-08,-0.6907297804252689,-1.310782922773452,0.03271026122214589,0.0167507090717422,1.5084926904946112,0.003044865757624887
2023-09-11,-0.7087477203313605,0.5940845490352149,-0.011924819267824766,3.179864488823514,-0.6798369023189036,-0.22030800570043751
2023-09-12,-0.698268701247507,-0.16012986977422716,-0.00689345252217341,0.15134693365674112,1.867243803712982,1.0677737631639463
2023-09-13,-0.68369441656602,0.04825083627539922,0.004187978282005483,0.19528209848970435,-0.11455900229861844,1.0726253454295696
2023-09-14,-0.6952273624106939,-0.49459085327481006,0.003972340529789897,-1.7104680495732754,-0.2933885958266236,-0.24588376586673236
2023-09-15,-0.6840365549983706,0.24758570174597225,0.019501389841750177,-0.5434503273034238,-0.8731674674128066,0.4416518807430528
2023-09-18,-0.6727127998268739,2.2516775474259267,-0.00668374683299533,1.1473776817998096,-0.7237328338986077,0.028456311877045393
2023-09-19,-0.6837038522494756,-0.8608026812810893,0.00904918518693884,-1.3354568503598725,1.8603595237037363,0.46088323467749076
2023-09-20,-0.7061592208948955,-0.7593876911291421,0.011624630046819961,-2.157557174301955,-1.4351638080909592,0.43975311245874354
2023-09-21,-0.7298417875328609,-0.8782390376265673,0.007046478322206479,0.03231547118757482,-0.780885696462547,-0.45473966597629634
2023-09-22,-0.7281116766944317,2.1653233591478176,-0.009609963419243223,1.370744507474978,-0.5919338144451651,-1.0629207015551083
2023-09-25,-0.7215714793186453,-0.025472699504627938,0.014077588052541973,0.042381228696125636,2.1643401842155203,0.1334304209444161
2023-09-26,-0.7374219959278036,0.40730382724351294,0.012293249313154148,-0.3361246026263436,-0.5599784415937944,0.9601858611206717
2023-09-27,-0.7368902891012816,0.03967025645044242,0.005995845197903749,-1.85848793774098,-0.2654595013774286,-0.0833847454251202
2023-09-28,-0.7254795483785119,-0.5022887049423226,0.0020434768720895558,0.45225412270219334,-0.5294045986529393,-0.207266609924125
2023-09-29,-0.7131157340852059,0.20013708241267175,0.0022610801004437076,0.6612751088830449,0.5168045968824647,-0.38882536174683935
2023-10-02,-0.6820781316827561,2.8861130461876834,-0.0007873579223937888,-1.7817324991011003,1.1984960819786419,-0.28837663581171924
2023-10-03,-0.6565385150387952,1.8013177999839087,0.006407851342526416,1.1345324486972188,0.7517249293239711,1.013581365700929
2023-10-04,-0.6765643436939262,-0.45901470876899514,0.00031134852944977864,0.7656955258921091,2.2731084874875016,1.2320986402406495
2023-10-05,-0.6428926195031658,1.0535127092780414,-0.008485249753526436,1.1323159425473455,-0.06613906353761126,0.6888978040233247
2023-10-06,-0.6535121495942801,-0.44578720096447694,-0.0104859164482759,0.5835250918333419,1.5291599473982802,0.30236172439073183
2023-10-09,-0.6326146933451915,-1.3842603490896528,-0.00752036253652294,0.6536827088113185,-0.46311963715461224,0.9474321511253715
2023-10-10,-0.6312549608241698,1.3990797336717444,0.0022213224254945263,0.5207208987017389,-0.22370261252315463,-0.2035451499102603
2023-10-11,-0.6394979483933091,1.5388458231380526,-0.0002695583643520516,0.8684723215011957,-0.26527440287261184,-1.0166236156542496
2023-10-12,-0.6756518855888077,1.4297510200838848,0.0021534379328874698,-1.8187577691239185,0.5566827310705911,-0.9003318919590309
2023-10-13,-0.6790831757931348,-0.0644741178662881,0.005008131335461102,-1.5010594336215146,0.22062993392345173,-0.21808194170917633
2023-10-16,-0.7102708404992469,0.24067417147389467,-0.006273209259168799,-0.7360079001897717,-1.2882342271021454,-1.1841193638776057
2023-10-17,-0.6909248557823915,1.1759280579576714,0.01465660168345348,-0.12982017167255325,0.040911170456269325,0.2651130357474035
2023-10-18,-0.6605890026396065,0.8060509508175421,-0.0026771082704747096,0.3881369233081794,0.9873830579382454,0.23903196421314934
2023-10-19,-0.6765272224255403,0.0027159302867196256,-0.004334269847815098,0.32468165322885006,0.3120171288779398,0.4263457470327374
2023-10-20,-0.6704878075751549,-1.2131554866628405,0.004823862373324522,1.1171058114560313,-0.3540489838833416,-1.173733783565624
2023-10-23,-0.6849956380153144,0.5161678786871052,-0.018365102023750746,1.148495298580351,-0.3981290076307217,-1.253644555759744
2023-10-24,-0.6975653326180502,1.4900070220453019,-0.007905344497229183,-0.8723851082937929,0.23602305789559758,-0.18056288634599976
2023-10-25,-0.6820754385407427,-0.7790490894633271,0.009810727986918344,0.23857611005047125,0.3399331580900497,1.288504355343405
2023-10-26,-0.6828462037776111,1.0480046448004225,-0.017374219290621135,-0.8478315477218382,-0.2454203916166029,-0.2662165963833267
2023-10-27,-0.6480532429389908,0.7412494174002593,0.011175741969331549,-0.18824703835356665,0.03480786015914705,0.4078396324199915
2023-10-30,-0.6576978925130491,1.1389802089957282,0.015111365663591364,0.32179136904849476,1.1272932476649276,-0.27227790753336034
2023-10-31,-0.6377111658635594,1.2665942352268367,-0.003694553378237486,-3.4087120764716907,0.34185746486457375,0.5404255170225374
2023-11-01,-0.6357628976044037,-0.31183854240721737,0.00291812767426311,2.4112440396396844,-0.02993771364852449,0.8826461685248171
2023-11-02,-0.6198473374095191,-1.2355016616023038,0.011190870848510281,0.5664086773974751,0.28685036048273704,-0.22104294924176252
2023-11-03,-0.628790490556118,-0.1616111232371678,-0.004667891880435204,-0.595703275413406,-0.35392313656910834,-0.2849802826140483
2023-11-06,-0.6297816673071497,1.2664016118606782,0.008677755205261789,1.927369755230228,0.27582309374464153,0.6915769210187596
2023-11-07,-0.6320916448931284,-0.16413490314168128,-0.006711487951306716,-0.3474311704861944,1.9684269165849588,0.15145508485324588
2023-11-08,-0.6488127871900441,-0.31478833692176483,-0.004776022933331819,0.13251938582805775,-0.42856554205385744,1.5405151668149293
2023-11-09,-0.6355711564984091,-1.432062669610612,-0.007993364643249734,-0.48711581039762725,0.17113499952062117,-0.604003829955048
2023-11-10,-0.6225661763868419,2.1339902484499844,0.003426471991948038,1.6519918374433393,-0.7017209240122435,0.921015275160865
2023-11-13,-0.6106950824887305,1.199253347257415,0.011579690525655495,-0.10498470630588037,1.455424260512983,-0.15159805108474297
2023-11-14,-0.5799557694103776,1.1363130307680027,-0.0018411293211716417,0.14948410073950924,0.8666357012779768,0.9158134929596375
2023-11-15,-0.5509688733856516,1.3156988484257002,-0.012712491599124048,1.2037821530254462,1.562670148863688,0.4689636524325944
2023-11-16,-0.5584677671826342,0.9072896855747926,-0.010827068222868164,0.5851394574610765,1.3746602791579923,0.39991657779075873
2023-11-17,-0.5510067208139507,0.09075180513005149,0.003945994213705395,-0.054348065134071935,0.9670650678274251,0.6175874393241135
2023-11-20,-0.5634787345991149,0.1668399283661688,0.0184411641339427,1.110390972357463,0.3564660451448903,0.16962513772872156
2023-11-21,-0.5630116282768237,-0.08947712383265588,0.00393724999314396,2.538483229427952,-0.20172815228738905,0.7361373579020719
2023-11-22,-0.5750066172592011,2.9725477313810944,-0.0038689655065125006,0.3174104487994213,1.20629941569818,-0.21261196877052246
2023-11-23,-0.5426052110764801,0.9009160016549632,0.00766183966850284,0.11676008787256639,1.106039432788995,-0.35506959961215867
2023-11-24,-0.5353312480696208,-0.1382373147055465,-0.0023949863558674345,0.17062708361908155,0.2010578759756545,-0.5099364962385224
2023-11-27,-0.5396918306317092,0.7866955230080523,-0.0037828521736420484,1.3104295008315177,1.0824016185896617,-0.9455548472032101
2023-11-28,-0.5158194591945817,-0.6870538194772919,-0.009584591056952668,-0.5991977350329224,0.7901702611004681,0.8578631828977126
2023-11-29,-0.55923176739049,1.8139983941059759,0.014084488442463544,-0.278317559711661,-0.9544279115510212,-0.33532596932885583
2023-11-30,-0.5995138192877958,-0.32553003537284614,-0.025392079174956617,-1.5374429491266413,1.3690880853019338,-0.24944109469481948
2023-12-01,-0.5835970461834002,0.8607937241951432,0.00797859200279269,-1.1838678626399737,-1.247355352225529,0.6980343488807182
2023-12-04,-0.5823876772210529,1.4161358574531746,-0.004637449377975361,-0.5178000026979704,-0.27447747880574347,-0.6001350654473544
2023-12-05,-0.5773787512158376,0.7342011505376245,-0.004103407314516111,-0.05593699406042271,1.1278675892413204,0.1395282565668371
2023-12-06,-0.6039066732822086,0.44089724254914076,0.0169231515611781,1.7690833257701195,0.3647183254852302,0.6025225374129098
2023-12-07,-0.604371347499216,0.3731460888253403,-0.0071413109220005155,0.5359928049252244,0.14605240682499876,-1.4617145992002163
2023-12-08,-0.5643011592911891,0.3061817116124224,-0.006800691540284093,-0.9120785101897938,0.6780419190124228,-0.1284515614378447
2023-12-11,-0.5478171668952718,-0.23811779335278876,-0.0013039423891953172,-0.7279804853641153,-0.4121158825695609,0.5601807439936488
2023-12-12,-0.5444230359924156,-0.12079312963254113,0.004138473858122382,1.3747486832306544,0.3576344449809968,0.7987175392966966
2023-12-13,-0.5532041141945143,1.8062441952463844,-0.004418557822928687,1.1266103486291923,0.18601825194216576,1.172810070190947
2023-12-14,-0.5610955712319022,0.22338583583155192,-0.015738589305358847,0.028149910224203063,1.880620766095269,-0.7341820947771793
2023-12-15,-0.6036795290159026,-0.4491389266436318,-0.00865698180881766,-0.44252646553883224,1.0094763308414356,0.6364441651552072
2023-12-18,-0.5985267205974794,-0.154089879451967,0.0128133385646452,1.1249328357046429,-0.8317732382347418,-0.48540453934615263
2023-12-19,-0.5816170584278423,1.4594867130557108,0.0007477678913551111,-0.9933271267246865,0.27372458963413193,0.5376330878604159
2023-12-20,-0.6131294449712545,1.0245768682211838,0.004510872837038216,0.39203039805752304,0.5305691444795996,0.7308897902244899
2023-12-21,-0.626357782817391,0.9282068452150096,-0.0026142120717303763,2.2726589908933312,0.2406520474239205,0.4491088471337246
2023-12-22,-0.6495070754620593,0.11829347078064312,-0.006594976961732696,0.20535568225145748,1.5096677541698642,0.20795033809689029
2023-12-25,-0.6688140993582345,0.9630667154501806,0.01677569449875413,-0.7756094792616043,0.0280446009163893,1.5077291495861234
2023-12-26,-0.6677444668217966,-0.2422726653357073,-0.0018819185705108155,0.4103687026715378,0.04677728713524616,0.7394151872684586
2023-12-27,-0.709432509921566,0.14103264874730337,-0.0044336987952712514,-0.4700087190153476,0.07251305310444352,0.7158765972045334
2023-12-28,-0.6971471011544247,1.395463993344685,0.010961423663553405,-1.3941158437534145,-0.0824193810143585,0.30663878976635534
2023-12-29,-0.682069999755751,1.2925659396117193,-0.007223603588673827,0.7010360268721068,0.22069593407041546,-0.24662570116495885
2024-01-01,-0.6870920515164893,-0.5726678460973527,-0.005947273437739986,1.1178344005497223,0.6305726349253762,0.5595880695422214
2024-01-02,-0.7367062217161803,-0.4432712219986822,0.00010246684016898544,-0.31090667207257267,-0.11895310608026621,0.773382828869488
2024-01-03,-0.756634594236228,0.5507258858431179,2.7010408818195497e-06,-0.37723567409627334,-0.4070762562721074,-0.16791137949129567
2024-01-04,-0.731976555554174,2.1801131312112467,0.0025961134790321305,-0.9615653911218296,0.10212059271720267,-0.39393366662299323
2024-01-05,-0.7875364411687454,-1.4763792311364898,0.02091669089395487,-0.1499356004675666,0.48600654949584776,0.725942228457667
2024-01-08,-0.7944869094126158,0.7508548042717516,0.0033624824635236916,-0.5623683829231909,-0.6354152006685528,1.2171726125348954
2024-01-09,-0.818086924981961,-0.8993511859255787,-0.023780539627508007,-1.0110326867032555,-0.7506258181028125,-0.7355743088497084
2024-01-10,-0.8019955189502642,-0.143478838536369,0.003262989434315605,1.892168830399606,-1.2183130523595103,-0.49580762341505025
2024-01-11,-0.8154977979931335,0.11676889330591711,0.00037879994489600777,0.4664928167495073,0.5380300379019782,-0.3376810276889609
2024-01-12,-0.8074187175784212,0.06879033535898915,0.00043450024351457395,0.5723951080293523,-0.1820971233322463,0.5340729157050566
2024-01-15,-0.7961095091950394,-0.04934470911215577,0.002459473093961717,0.8833995689324271,1.07806585827915,-0.3953635210442874
2024-01-16,-0.759384992400439,0.4848727658933938,-0.0002867828767480207,0.7710362167598054,0.3382487464524232,1.6152420144320438
2024-01-17,-0.7634438312739463,-0.07962457119031502,-0.000526120930553875,-0.4131099527967148,0.6399735506917593,0.40546909523069313
2024-01-18,-0.7559229438814942,-1.004391086089785,0.006130442097707883,0.2725526229714672,-0.44675765555959823,0.6068181428936235
2024-01-19,-0.785624053464043,1.2334233788516729,-0.005420807971944996,-0.2690304842606603,-0.4012217903219522,0.8542895039052331
2024-01-22,-0.761815782198168,1.2242465992273064,-0.00947686335639178,0.43846362477666,-0.09668810380048232,-0.4499867807916325
2024-01-23,-0.7770259591595954,1.3002637793415697,0.030237814526223927,0.3416908859581642,0.700973989085197,-0.0965687725755838
2024-01-24,-0.7882410424413503,-1.0745189207683246,-0.007158574437812315,-0.3826602608642019,0.31546097074925505,-0.4365550423246386
2024-01-25,-0.7886859983383346,0.771862778048961,0.0010014291246007445,-1.3292987229217992,-0.8199540127500571,0.038547153485017846
2024-01-26,-0.8199436852451316,1.149190454809924,-0.014956602508753691,0.14623705696550768,-1.4278939556268315,-1.2623358200987433
2024-01-29,-0.815368284666553,-0.5392358572925061,0.0011646841505142391,-0.20426948780729892,0.06938887470678257,-0.19384266751617102
2024-01-30,-0.7960189592080528,0.49839421898206093,-0.009332255506893372,-1.8903722477087583,0.37615049773536796,0.28322304366004747
2024-01-31,-0.7901602827381069,0.3613447302144659,-0.004424729428500085,0.5076617688887175,-0.09140350979354744,0.0030261397577914795
2024-02-01,-0.8219382340216814,2.3162468282111277,0.010450646657711254,0.9653421122427754,1.0404570639682675,-0.10138580409780504
2024-02-02,-0.8244144199082746,2.4176589774255817,0.004720095683780734,2.5283564752089505,2.236793475009586,0.9250855278991147
2024-02-05,-0.8095738418486847,-1.1697077413852361,0.005684095245748172,-0.39119750332066106,2.559800984875923,0.325079411620375
2024-02-06,-0.847133617168003,2.9796713108372,-0.017712048383918627,-0.5387118965490677,-0.9663511860053158,1.2744111636656794
2024-02-07,-0.8686289374443572,-0.40694555085252215,0.018368951698290115,-1.1094210304392413,0.757430652239886,-0.015152149827145411
2024-02-08,-0.8510980653627269,1.5018506567940402,-0.011918813109418724,0.2086419064870071,-0.07918249939228483,-0.7285206529363963
2024-02-09,-0.8456961566787812,1.481156820081367,0.01528560814293864,0.2023181805583551,0.8721767636950053,0.37533067869468345
2024-02-12,-0.837456725036246,-0.4882725328345381,0.010215438659814863,-0.8112963347867491,2.064941446522153,-0.6119579342941877
2024-02-13,-0.8002668288837798,0.9957418288608466,0.0057733274178468075,-0.1749298820038401,-0.7466181058944642,0.8586669606240495
2024-02-14,-0.7908957733136558,0.3726263530642039,-0.008549847809083827,-1.9786656668893567,1.4174115206170717,-1.0340128101096446
2024-02-15,-0.7777380131049922,1.028867468620584,0.0015158984481952187,0.9263767478332465,-0.6818169873461644,1.4965831318516911
2024-02-16,-0.7235231025606257,0.697315110243621,-0.004709214106448589,-0.7706792596721668,1.5504437777302158,-1.0010902767971825
2024-02-19,-0.7277991937224354,1.6304533469066222,0.0002903957150529046,-0.03465635141297929,0.8891864894036298,-0.29241423520063237
2024-02-20,-0.7437568489948053,0.5120790593795235,-0.0024987225908555954,-1.426693421297779,0.28847640456582857,0.4801452051894228
2024-02-21,-0.7352009210298627,0.278380039970572,-0.02038610506572408,-0.5823535994615734,-0.5570497592602683,-0.11840740595787086
2024-02-22,-0.7264211004420849,1.537184785675098,0.011217841509845894,-0.2795911535175272,-0.6109906494258655,-1.1534355288654805
2024-02-23,-0.7369554082810089,1.0162486251238543,-0.0008110715654936207,-0.011290846960830136,0.03566785578170917,0.04054332725127019
2024-02-26,-0.7576033486721059,1.173986639289493,-0.0048480039950223874,0.4797325155225118,0.8405067514930238,-1.1788489023680384
2024-02-27,-0.7114064602303043,-0.2100246630553333,-0.005603272328297659,1.4390750834862203,0.6803288192595924,-0.2435165453780142
2024-02-28,-0.7048695908225439,-0.6184189052602915,0.0035845957636676806,0.7327109427693562,0.4953464622633829,-0.03898299358565421
2024-02-29,-0.7195152984505855,-0.14480038875917522,-0.008937563382944713,0.9621645431462449,0.26031351026574745,0.7042393433116064
2024-03-01,-0.7011966924049935,-0.18911220661023737,-0.02255175558474043,1.4461041099431382,-0.6151524152494466,0.8944220998274774
2024-03-04,-0.7033795954362202,1.2069172840959104,0.004071298032082754,0.5697078815226975,1.1245872736357807,0.3848507615342927
2024-03-05,-0.7084372243625768,1.398011807555784,0.005191029979568218,-0.03670719561899534,0.6500291863116532,0.4140999988587617
2024-03-06,-0.6971917669242869,0.26993204508514573,-0.0019963182467763463,1.0091119062550553,0.9517450680588473,-1.1638718130368497
2024-03-07,-0.7230294122889207,1.8492340789789243,-0.011479028751900072,1.0730092859616567,0.850524513652739,0.6627970933576164
2024-03-08,-0.7159768682105773,1.8022870411384821,0.0008893554088928446,0.6485658379660353,2.0386201387820124,1.2650802746785006
2024-03-11,-0.6777177720559422,0.6729850373268855,-0.014645323683135897,-1.454627597036103,1.1046974532385685,1.6576533071400466
2024-03-12,-0.668394218811996,-0.41526110830947477,-0.010272305966876574,-0.8414601530946475,-1.306910443049796,0.7748832598035877
2024-03-13,-0.6759184608876653,1.9764131807227376,-0.007506979365041619,-0.274854104030484,-0.5200444057707567,-1.3018113579754798
2024-03-14,-0.6860605664962302,0.3445337255041909,0.008439390708915556,0.7796210207358992,0.9755366860399128,-0.5492041847738895
2024-03-15,-0.6942673659631323,0.5378015363287126,-0.003626109504369174,-0.021346419070559747,-0.035267252333115895,1.5992801479653656
2024-03-18,-0.6993466195240879,0.07695539397131074,-0.004478664117764611,1.1368686334505633,0.33663934496527637,-0.8659079843483825
2024-03-19,-0.7069027501792533,-0.4701823545827448,0.01954692515411245,1.3152366287442812,0.3116281001514241,-0.5372170316558571
2024-03-20,-0.6885765213577619,-1.04449778020774,0.003524624971887158,1.1991704686772062,-0.38171709967024453,0.7057635757673113
2024-03-21,-0.7232407034219416,1.0460142363719451,0.003389945104748271,1.2055405644802868,0.2990258224178882,-0.4304682417349267
2024-03-22,-0.7060007024136989,-0.3494566318434555,-0.0036970074520877583,-1.0369939046587182,0.7244181560207555,-0.5744914532347234
2024-03-25,-0.7135944329165501,3.483131650445043,-0.005963716676367775,0.4826354994557758,-0.7916985016223251,1.2427708774431494
2024-03-26,-0.7060554772026427,-0.657916922862549,-0.021864064400171496,-0.6075290409554163,1.702221499125663,-0.0796307388429624
2024-03-27,-0.72859523540666,-0.8337491886597843,0.009687405319235579,-1.6490663313591984,0.04398010591572199,0.5369189759802415
2024-03-28,-0.7020226140696713,0.9472958568574372,0.004483097057563792,-0.2874711320558362,-1.103518427080319,-0.6676738538776344
2024-03-29,-0.6771099148662338,1.950527047409098,-0.001791659932134121,1.3247369656272514,0.4011156074750656,0.731860646129819
2024-04-01,-0.6579181043512324,0.47085560586296193,-0.001372267018362558,0.4607420101184635,1.2861851618795204,0.165830932115815
2024-04-02,-0.6882131998671033,0.9669932827980138,0.007361442622610556,2.017809371605892,0.6506205201266788,1.4171801603274807
2024-04-03,-0.6716307784457821,-1.4306194975384476,-0.015547100730798541,0.17723014526811154,1.9648677341611906,0.8289593608226694
2024-04-04,-0.663533676693068,-0.2745330786242975,-0.005898813315538043,2.4478027535929074,-0.3182788491319428,0.5716495433745954
2024-04-05,-0.6956391016357193,-0.6754955231217262,-0.011363028628925298,0.17752122551705124,1.1806239125732028,-0.4509901511032429
2024-04-08,-0.6961250493111356,-1.4776623889664495,0.017715092824867468,0.022480296153736364,0.03460618759346873,1.399069699418293
2024-04-09,-0.6888343595304705,0.5346552636105683,0.008756555318533019,-1.2793900879214963,-1.4233693062659896,0.8930831839890474
2024-04-10,-0.6777128540540074,-1.8295270058921513,-0.022026926411353648,1.1105627402927678,-0.6771732913654234,-1.7666657734921358
2024-04-11,-0.6741676267150303,-0.9155682536550442,-0.015137616266399756,-0.5021251289404789,-0.5704051370329717,0.02514017547487485
2024-04-12,-0.6683429983780826,-0.13269321798439987,-0.0013234567335748681,-0.647047639408727,-1.0281742775737326,-0.3294111944990091
2024-04-15,-0.6388707705330208,-0.4302800369242267,-0.004724402120724239,1.281230563762572,-0.8619754620136096,-1.082672322671283
2024-04-16,-0.6143500923348072,0.7797309645268802,-0.01324382208076888,1.1582226687959571,-0.639132700412444,-0.2308413010758059
2024-04-17,-0.671691191410462,0.6741902473033643,0.019447622376504894,1.132051367210679,0.17847262257853524,-1.0973677897774363
2024-04-18,-0.6780399625072155,1.2968134607817339,0.0031253991398257908,-0.36219113405498116,0.6576797452404228,-0.1995605326273191
2024-04-19,-0.6813329830580946,1.1592077102170073,0.0047481632286309194,-0.05097586530525164,0.4746513800723838,-0.18312835430379026
2024-04-22,-0.7163749545126341,1.5496125791962376,-0.006920149492322142,-0.059854397695851456,0.16362424066306297,-0.08628163746102638
2024-04-23,-0.7144912933479879,0.42790657269852633,0.007222741471780023,0.7825181806723981,0.7917515858299805,0.030743812101183786
2024-04-24,-0.6895161378997777,0.7321616768254624,-0.003804327609820121,1.55356466849423,0.30796769331633767,-0.25305178351980057
2024-04-25,-0.7112474950915895,0.925223384659058,-0.0028334317370749956,0.36814655519840694,1.5349603219388812,1.0824928793163304
2024-04-26,-0.7045194763177921,0.5684051944459794,0.006110019598252608,1.9748910853573585,0.5279161341135271,0.9867020849089717
2024-04-29,-0.7228359458637208,0.025517375873601367,-0.016289975650603,0.8971944180330614,1.4214744425456682,1.31430007738032
2024-04-30,-0.7362741863373142,0.10125903317846224,0.01597027859850983,-0.23479939411441825,0.47507634217684735,0.5436155176987391
2024-05-01,-0.7067263136539136,-0.37579388652757695,0.0018238921472387565,0.8287114061289749,-0.7492127533737446,-0.1154896233986841
2024-05-02,-0.71757747005615,0.8456526181021777,0.01280944208780424,1.7059402787087732,0.10304961489876671,0.7179036296776318
2024-05-03,-0.7083332202759375,0.3365313079485345,-0.010754197566188187,1.9982889833413344,0.487937538514428,-0.300463517219946
2024-05-06,-0.7457575825971573,-0.2381738184712024,-0.009231651240281927,1.1868913445990807,0.9173636608286817,0.11259667913801777
2024-05-07,-0.7085112313692596,-0.21479026976629828,-0.011619002215998125,0.025674453657999224,-0.0201220392811699,0.8448420936712956
2024-05-08,-0.6964581824431296,-0.7852919889612329,0.0025029767266483843,-0.21669325405592046,0.09108666795037013,-0.7516904026548935
2024-05-09,-0.7001081792961348,1.3967162507030775,0.0006598330191824597,0.5760695035613909,-1.1539861655008847,0.46776581145385654
2024-05-10,-0.688597249096137,0.4986825771094684,-0.004644118192311808,1.6739744952710462,0.9368877324338082,-0.1692855347766366
2024-05-13,-0.7167936376750932,-0.449641670115588,-0.010140691928852794,0.4337691222144516,1.2053368278505046,1.1831946704179133
2024-05-14,-0.69314302284004,1.2386239322070742,-0.012665962697308415,0.4545318718688109,0.40109136302479076,1.0764282743388116
2024-05-15,-0.6996227183499686,-0.14456299609034895,-0.0004848390047065623,0.05139785431709231,0.4159986283302943,0.9604781250876985
2024-05-16,-0.7037041086509374,-0.9867269960022516,-0.004655867795886004,-0.3278910626312124,-0.04664665902394252,0.12094624244358633
2024-05-17,-0.713537220950247,1.4434447544096953,-0.0068560699235826195,-0.1621345066439178,-0.532591888299236,-0.5385931877850105
2024-05-20,-0.7251502490051587,-0.10897465699596492,0.015470894861316094,0.13542598524553,1.4290349539798988,1.026324898715361
2024-05-21,-0.7112568367725904,0.0261910591943057,-0.0008232567819273368,1.7180999962398222,-0.7430387857519137,-0.2729516400222256
2024-05-22,-0.706138699770506,0.46793412241273175,0.01270042933926925,-0.23971377853080178,0.24942552401595214,-1.1902753009126459
2024-05-23,-0.6931037369424452,1.5662724426524184,-0.005332521826826968,0.05261207591138063,1.540065819127507,0.4513183101124772
2024-05-24,-0.6932796307321566,0.4358995330317788,0.002447762837986568,-0.8653776604065087,0.6714425385145548,1.6680212475137879
2024-05-27,-0.683015634510613,-0.7831493477059364,-0.0005547601625633461,0.7166310664731552,-1.0752979591463996,0.41587964988004866
2024-05-28,-0.6913926093891137,0.953686384818548,-0.01697622309518123,1.3666791787182826,-0.39546299008639313,0.11569813820544372
2024-05-29,-0.6467979725609229,-0.0701541586282558,0.014283383062639127,1.6244978459567558,-0.36108817488436284,-1.375439982022052
2024-05-30,-0.6781565808895329,2.27600275506602,-0.0013515360703241636,0.20336452469571042,0.7300895483680968,-0.4622166560066455
2024-05-31,-0.6529378344182731,0.40577422653582956,0.007464182196329598,0.5743542832792355,1.6285245824691952,-0.7958283875203119
2024-06-03,-0.6255796854038538,-1.8432727972477023,-0.0075202872246155905,-0.15355032217003803,-0.023607822325864836,1.2010826370483336
2024-06-04,-0.6426228615231656,0.7327127833979863,-0.0016484438157976442,0.5280186796945225,-1.216179233958721,-0.9389623160000478
2024-06-05,-0.5980373893120462,2.3301715091741277,-0.008668523599233549,0.3139651524992144,1.0371348550938737,-1.3139719629010127
2024-06-06,-0.5781275836531398,1.9347427221326172,0.012359984827633931,0.05826438725148733,0.41506955001897516,0.7751258077690848
2024-06-07,-0.5587048035166815,2.177830838948449,0.0031140934745067586,0.13775369227712947,0.32729095278736076,0.8238759087191765
2024-06-10,-0.558144359776164,-0.6845373032714546,0.003670535266808883,0.45192228339364876,1.0336673009755466,0.051900063816782374
2024-06-11,-0.5624888829405376,1.2470390118424772,0.013581841471049787,-0.29415243484556425,-0.5367329289693249,0.8072537879041018
2024-06-12,-0.5666770594813296,-0.3845012099723892,0.011563412968990244,-0.2424967920780333,0.3600262438262616,0.08114308208765908
2024-06-13,-0.5588664475549393,0.5642956351057222,0.007653425361362848,1.7073620136715535,-0.9170499290793539,0.03275569405633447
2024-06-14,-0.5308427220542613,-0.9376325602067689,-0.014217273470374617,2.710546768846383,1.0757183898729334,-1.0694957578174586
2024-06-17,-0.527216437697033,-0.3259501316501595,-0.006956791195166845,-1.2043669485340438,0.5430819124535832,0.8230081195736055
2024-06-18,-0.5454453101597787,-0.35991683474539554,-0.010038881360113522,-1.2594712043760588,-0.37439178016329333,0.612244275069162
2024-06-19,-0.5289567689120791,1.2258224662384833,0.007275336936257995,-0.9571528278081498,-0.5856341862415252,0.3679383407806732
2024-06-20,-0.5105337539841832,1.118093183016903,0.0017065194175005238,-0.10328841503855507,0.33038347383595945,-0.0762955293613479
2024-06-21,-0.4974405634152275,0.5831399817213307,-0.013905124336305953,0.895780511037257,-0.20323985069115003,-0.5524273848614141
2024-06-24,-0.48253058528472786,-1.051957080006249,-0.0018874421301122712,0.591252942048272,0.8966899269232544,0.32274616401049055
2024-06-25,-0.48794914788788407,-0.022121082778883305,-0.01494112335718778,0.17203113678046833,-0.4590821013869285,0.4026818189784598
2024-06-26,-0.5065289312304957,-0.4533469942099956,-0.0005315648806975964,0.5289355469578989,-0.026113473141096903,-0.49622941221812367
2024-06-27,-0.5238927998433113,1.1735931154327885,-0.01655372503987185,-0.6920861566283695,0.5045505728664104,-0.18853256522972095
2024-06-28,-0.5566020648124684,1.4925205327231712,0.005288274933846128,-0.2441227717526189,-0.04991515265761043,-0.1871065492443431
2024-07-01,-0.5518630925815494,1.3903468249183641,0.0037796262603407398,-0.020094548375796818,1.319237204378077,0.5108444486167326
2024-07-02,-0.5535320682460813,-0.4241015638680909,0.019079484933468817,-1.5842163388718526,1.4109597252755637,-0.2572120981778776
2024-07-03,-0.5623318223366754,-2.4074138813418307,0.008478732894973424,-1.161310204722596,-0.4682112109224983,0.038840315490152766
2024-07-04,-0.6214441988235769,-1.429562804728049,-0.004229142558225027,-1.121566061277659,-2.152817582463624,-0.4079587757181411
2024-07-05,-0.6463905482174603,1.7944934973763544,0.00818070093274486,0.7641082236837743,-2.2540108298200616,-0.0005174031652310784
2024-07-08,-0.6239737351893969,-0.01342061038934772,-0.01397663880945179,0.24535494857241638,1.7410387525241902,-0.3817365439633186
2024-07-09,-0.6372662551906596,-0.37634037715147434,-0.009624726036810853,0.611061200073943,0.149578415179656,-0.20103704331244965
2024-07-10,-0.6300544216375227,2.0250200465506296,0.0033314253207510983,-1.8396549898024643,-0.3205374355997267,0.8781185400823368
2024-07-11,-0.6578681302370278,1.6431925984708404,-0.021582496627479276,-1.4835666860516032,0.8605417814210872,0.6654102841703333
2024-07-12,-0.6290940205898431,0.4191696000620033,-0.00037160784933882793,0.6632154402564954,-0.20161038802790054,-0.3171611939740966
2024-07-15,-0.6319745737909367,0.08405332128993198,-0.010202632921184207,-2.778669641666051,0.25631859802988466,-1.6035996369704222
2024-07-16,-0.6261737658612659,0.24708353146143677,0.0010130705515326351,1.2246293575998046,-0.8071074962177591,0.07201039570510263
2024-07-17,-0.5796581700236323,0.6028670579042257,-0.010777363580472633,-1.82331714352279,0.05353130308684628,0.3102562722819015
2024-07-18,-0.5493293680118442,1.9478421833337873,0.004242481374551887,0.8433448919249784,-0.4823298620950771,0.9788462682692021
2024-07-19,-0.5554606804375853,0.7520650450443331,0.00019327423667389598,-0.8885846247569626,1.852594431319424,-0.7395447965595349
2024-07-22,-0.5673250841349925,1.0593054413016925,0.014003659168813307,1.0489037151715825,0.12742678884231204,1.88485495689152
2024-07-23,-0.5738359843653831,1.509665159551167,6.734534101622211e-05,3.208160913916495,1.5729853574023216,-1.2794173825109803
2024-07-24,-0.5636380193958523,-0.8253744104051891,-0.007686428049614662,-2.2731776301211255,2.6090992220958245,0.4870130425334722
2024-07-25,-0.5657425020808698,1.0930447041115543,-0.002468858558272828,0.6953771478606484,-1.3180688864379302,0.9237682484136728
2024-07-26,-0.5736473849809393,0.04487674658691054,-0.013442363970167315,-1.8081627135937397,-0.34600340539354213,0.09827121605751321
2024-07-29,-0.5443037599667584,-2.1719067647842025,0.0040613725470544,0.4267689222175041,-1.2544535173191758,0.623279947136774
2024-07-30,-0.5465879578023151,-1.801587286005757,0.005898502463152722,-0.20677216355189393,-0.537611466503905,0.008030110466408114
2024-07-31,-0.5005961759415687,-0.6901648368372966,0.024691960366928178,0.1297823224618433,-1.7574098068021633,-1.052255189174294
2024-08-01,-0.49878132466652525,0.8315809341575227,-0.006218359906044045,-0.911686276328237,-0.4547462329884402,-0.27326299398162035
2024-08-02,-0.4630749567820307,0.4130683601402116,-0.0026779457367518272,0.7805411094965004,0.2277638515020612,0.10078937631129697
2024-08-05,-0.45592856832781814,0.46221168124488243,-0.005757585244382156,-1.448357837970381,1.251670463777648,-0.9002468979918269
2024-08-06,-0.4366693568628292,2.224500623683383,0.0021211370113122414,1.2416372628987402,-0.6365505265139437,-0.6769565885810707
2024-08-07,-0.4511615778931837,-1.0070880007421148,0.0038169053447961385,-0.40925030661018263,1.2854340868863083,0.3363458370811909
2024-08-08,-0.46823676234493194,0.24326359255218663,-0.0005337484442851093,-1.4026906774030896,-0.692830665159487,0.47038575851129205
2024-08-09,-0.45904264324463223,0.5853775802207748,0.010863259168730321,1.5949368233406982,-0.2628429181766526,-1.0828830547946944
2024-08-12,-0.43927157839532593,-0.46084753059155614,-0.006169795037547776,-0.06734265280915312,0.8533799812153342,-0.24318247040475482
2024-08-13,-0.4384664483553166,0.29188969212013655,0.009861740478907116,1.9076359704420263,0.27053232577408504,0.6024456402148219
2024-08-14,-0.4641943150569906,-1.336869465071155,0.005384978536410831,1.2213561293133421,0.5075763792113785,0.07202887059781005
2024-08-15,-0.49139948238277714,1.6884228063092221,-0.00012029919898946806,-0.798145704786435,-0.11685329197704675,-0.7027823212305314
2024-08-16,-0.519942210426502,-0.38677486310076753,-0.0031493664075714495,-0.0849898009367489,0.7491749699244699,1.0787501607487948
2024-08-19,-0.5552946526852897,2.343365491034404,0.02426667758731369,0.12103793966357433,-0.4275358466377085,0.9396595178587466
2024-08-20,-0.5531049454963478,0.3007024676937188,-0.008170086507420793,1.5263031999864394,1.6390080797403437,-0.3936176019910492
2024-08-21,-0.5306040670621873,1.3599165326969918,0.0029793317696841445,0.437517713367115,0.8426317877388041,0.5604968423417821
2024-08-22,-0.5308723828006835,0.265059571246158,-0.007502190702421321,0.17629262109645927,1.2469371823192525,0.5948767413103675
2024-08-23,-0.5760806779474406,0.28777959741988024,0.017856207486213062,-0.1998795870983077,0.3009926876169839,-0.11665110540053525
2024-08-26,-0.5798958871541315,-0.23838092645354347,0.008868263287992034,-0.0505570358546391,0.24988959240350464,0.32905257134982396
2024-08-27,-0.5831518670867836,0.46706146165875656,-0.006783498788411432,1.3045920856783244,-0.45025229374744113,-0.6859891455348822
2024-08-28,-0.5412318920822748,0.6678898146661176,0.005125949934312285,0.0037053507974743488,0.442642191491494,-0.2449340622934481
2024-08-29,-0.5703746503406659,-0.459519373665815,0.002576957212765546,-0.3949972712981747,0.9455902379799135,-0.501953913742943
2024-08-30,-0.5781882023926499,0.21718037434451534,-0.005166247619747391,-0.5645071656136869,-0.06846558811171755,-0.2453347823050676
2024-09-02,-0.5440711487817587,-0.2631859446215238,0.00758164217228173,-0.553765153836162,-0.6279221750205883,0.9566240535206528
2024-09-03,-0.5350715819548276,2.626106758883894,0.003893053911044095,-1.402095996042765,-0.26421719580373515,-0.24702944218853232
2024-09-04,-0.5238053204844991,0.231312179261278,0.002156987138859534,-0.750375308326479,-0.43239855309118747,0.005546153129019751
2024-09-05,-0.5215136317440215,1.8595153439872587,-0.00041919711242328905,1.498420275650323,-0.4702961993763477,-1.401407265539828
2024-09-06,-0.5149147609708763,0.11728584823872462,0.004310544925996501,-0.20659926056749658,2.010286716705369,-0.5698343448319851
2024-09-09,-0.49936257036530557,0.5682364981174337,0.0022938766149246115,0.7044116685560984,-0.08669533359694306,1.1813562937400244
2024-09-10,-0.5155522967431609,-1.021746529426086,0.0005909333302501762,-2.4787565179008344,0.6261324147919708,0.0774688594498786
2024-09-11,-0.49799112516499694,-0.13774121382196808,-0.006410159159875625,0.5683113089658791,-3.009878332149005,-1.0106583061558363
2024-09-12,-0.5254511855027078,0.5093293458882449,0.016937662407624926,-0.16135270436911373,-0.03749561239363319,-1.2301624994728035
2024-09-13,-0.518883826046077,1.9012745422614914,-0.010504199433485475,-0.48144002289050875,0.35733665536212045,0.20306225655267865
2024-09-16,-0.5153090067803504,0.5333130733039173,0.004276362188797442,0.18095995742113172,0.9957874983959994,0.9310586938321739
2024-09-17,-0.5276348685441926,1.6929057652612094,-0.0032024074230143224,-0.4958252538120278,0.8170671154575477,0.05496570291519409
2024-09-18,-0.5280885740507055,0.9573100313294358,0.017595472694492992,-2.123874919888356,0.5442768138757187,-0.977561030125506
2024-09-19,-0.5405393771040166,1.944254483895109,-0.009034825372238403,0.9222479411719373,-0.4546835808296034,-0.35313788483901976
2024-09-20,-0.5619734036412515,0.26528140895735447,-0.007352632617603327,0.24301756134819305,0.6802463455197462,-0.8628466346944558
2024-09-23,-0.5690456984735244,2.727406752836555,-0.009698180632618264,-0.3139424547478518,0.1248765118196839,0.7481361821518703
2024-09-24,-0.5911254711809576,-0.14396878383000838,0.0032346505095060957,-0.9661853720724374,0.6051330735349565,-1.5738475227183328
2024-09-25,-0.5846695218990926,-0.41178655148909443,-0.013730506595686406,-1.469857516107135,-1.385303054836473,0.0032960070471572123
2024-09-26,-0.6076712317821399,-0.8592511365495785,-0.00478528494757767,0.2238927070680576,-1.3354555720898387,0.23209090946993993
2024-09-27,-0.5934316913223189,2.6956274106273543,-0.021523658228542845,1.613440960225359,0.4101548164757136,-0.5966275297402465
2024-09-30,-0.6170612726808953,1.1755065874112889,0.0024042135412809043,0.2031664767410382,1.8564739031629092,0.7223597571199254
